"id";"F1";"F2";"F3";"F4";"F5";"F6";"F7";"F8";"F9";"F10";"FDR1";"FDR2";"FDR3";"FDR4";"FDR5";"FDR6";"FDR7";"FDR8";"FDR9";"FDR10"
"1";1;"CRY(A)";"LIV(H)";"WOL(H)";"BOU(A)";"TOT(H)";"MUN(A)";"HUD(H)";"SOU(A)";"BUR(H)";"BHA(A)";"2";"4";"3";"3";"4";"4";"2";"2";"2";"3"
"2";2;"CRY(A)";"LIV(H)";"WOL(H)";"BOU(A)";"TOT(H)";"MUN(A)";"HUD(H)";"SOU(A)";"BUR(H)";"BHA(A)";"2";"4";"3";"3";"4";"4";"2";"2";"2";"3"
"3";3;"CRY(A)";"LIV(H)";"WOL(H)";"BOU(A)";"TOT(H)";"MUN(A)";"HUD(H)";"SOU(A)";"BUR(H)";"BHA(A)";"2";"4";"3";"3";"4";"4";"2";"2";"2";"3"
"4";4;"CRY(A)";"LIV(H)";"WOL(H)";"BOU(A)";"TOT(H)";"MUN(A)";"HUD(H)";"SOU(A)";"BUR(H)";"BHA(A)";"2";"4";"3";"3";"4";"4";"2";"2";"2";"3"
"5";5;"CRY(A)";"LIV(H)";"WOL(H)";"BOU(A)";"TOT(H)";"MUN(A)";"HUD(H)";"SOU(A)";"BUR(H)";"BHA(A)";"2";"4";"3";"3";"4";"4";"2";"2";"2";"3"
"6";6;"CRY(A)";"LIV(H)";"WOL(H)";"BOU(A)";"TOT(H)";"MUN(A)";"HUD(H)";"SOU(A)";"BUR(H)";"BHA(A)";"2";"4";"3";"3";"4";"4";"2";"2";"2";"3"
"7";7;"CRY(A)";"LIV(H)";"WOL(H)";"BOU(A)";"TOT(H)";"MUN(A)";"HUD(H)";"SOU(A)";"BUR(H)";"BHA(A)";"2";"4";"3";"3";"4";"4";"2";"2";"2";"3"
"8";8;"CRY(A)";"LIV(H)";"WOL(H)";"BOU(A)";"TOT(H)";"MUN(A)";"HUD(H)";"SOU(A)";"BUR(H)";"BHA(A)";"2";"4";"3";"3";"4";"4";"2";"2";"2";"3"
"9";9;"BOU(H)";"HUD(A)";"LIV(A)";"SOU(H)";"CHE(A)";"LEI(H)";"MUN(A)";"WHU(H)";"NEW(A)";"WOL(H)";"3";"2";"5";"2";"4";"3";"4";"2";"2";"3"
"10";10;"CRY(A)";"LIV(H)";"WOL(H)";"BOU(A)";"TOT(H)";"MUN(A)";"HUD(H)";"SOU(A)";"BUR(H)";"BHA(A)";"2";"4";"3";"3";"4";"4";"2";"2";"2";"3"
"11";11;"CRY(A)";"LIV(H)";"WOL(H)";"BOU(A)";"TOT(H)";"MUN(A)";"HUD(H)";"SOU(A)";"BUR(H)";"BHA(A)";"2";"4";"3";"3";"4";"4";"2";"2";"2";"3"
"12";12;"CRY(A)";"LIV(H)";"WOL(H)";"BOU(A)";"TOT(H)";"MUN(A)";"HUD(H)";"SOU(A)";"BUR(H)";"BHA(A)";"2";"4";"3";"3";"4";"4";"2";"2";"2";"3"
"13";13;"CRY(A)";"LIV(H)";"WOL(H)";"BOU(A)";"TOT(H)";"MUN(A)";"HUD(H)";"SOU(A)";"BUR(H)";"BHA(A)";"2";"4";"3";"3";"4";"4";"2";"2";"2";"3"
"14";14;"CRY(A)";"LIV(H)";"WOL(H)";"BOU(A)";"TOT(H)";"MUN(A)";"HUD(H)";"SOU(A)";"BUR(H)";"BHA(A)";"2";"4";"3";"3";"4";"4";"2";"2";"2";"3"
"15";15;"CRY(A)";"LIV(H)";"WOL(H)";"BOU(A)";"TOT(H)";"MUN(A)";"HUD(H)";"SOU(A)";"BUR(H)";"BHA(A)";"2";"4";"3";"3";"4";"4";"2";"2";"2";"3"
"16";16;"CRY(A)";"LIV(H)";"WOL(H)";"BOU(A)";"TOT(H)";"MUN(A)";"HUD(H)";"SOU(A)";"BUR(H)";"BHA(A)";"2";"4";"3";"3";"4";"4";"2";"2";"2";"3"
"17";17;"CRY(A)";"LIV(H)";"WOL(H)";"BOU(A)";"TOT(H)";"MUN(A)";"HUD(H)";"SOU(A)";"BUR(H)";"BHA(A)";"2";"4";"3";"3";"4";"4";"2";"2";"2";"3"
"18";18;"CRY(A)";"LIV(H)";"WOL(H)";"BOU(A)";"TOT(H)";"MUN(A)";"HUD(H)";"SOU(A)";"BUR(H)";"BHA(A)";"2";"4";"3";"3";"4";"4";"2";"2";"2";"3"
"19";19;"CRY(A)";"LIV(H)";"WOL(H)";"BOU(A)";"TOT(H)";"MUN(A)";"HUD(H)";"SOU(A)";"BUR(H)";"BHA(A)";"2";"4";"3";"3";"4";"4";"2";"2";"2";"3"
"20";20;"CRY(A)";"LIV(H)";"WOL(H)";"BOU(A)";"TOT(H)";"MUN(A)";"HUD(H)";"SOU(A)";"BUR(H)";"BHA(A)";"2";"4";"3";"3";"4";"4";"2";"2";"2";"3"
"21";21;"CRY(A)";"LIV(H)";"WOL(H)";"BOU(A)";"TOT(H)";"MUN(A)";"HUD(H)";"SOU(A)";"BUR(H)";"BHA(A)";"2";"4";"3";"3";"4";"4";"2";"2";"2";"3"
"22";22;"CRY(A)";"LIV(H)";"WOL(H)";"BOU(A)";"TOT(H)";"MUN(A)";"HUD(H)";"SOU(A)";"BUR(H)";"BHA(A)";"2";"4";"3";"3";"4";"4";"2";"2";"2";"3"
"23";23;"CRY(A)";"LIV(H)";"WOL(H)";"BOU(A)";"TOT(H)";"MUN(A)";"HUD(H)";"SOU(A)";"BUR(H)";"BHA(A)";"2";"4";"3";"3";"4";"4";"2";"2";"2";"3"
"24";24;"FUL(A)";"MUN(H)";"NEW(A)";"ARS(H)";"MCI(A)";"HUD(H)";"LIV(H)";"WOL(A)";"BHA(H)";"TOT(A)";"2";"4";"2";"4";"5";"2";"4";"3";"2";"4"
"25";25;"FUL(A)";"MUN(H)";"NEW(A)";"ARS(H)";"MCI(A)";"HUD(H)";"LIV(H)";"WOL(A)";"BHA(H)";"TOT(A)";"2";"4";"2";"4";"5";"2";"4";"3";"2";"4"
"26";26;"FUL(A)";"MUN(H)";"NEW(A)";"ARS(H)";"MCI(A)";"HUD(H)";"LIV(H)";"WOL(A)";"BHA(H)";"TOT(A)";"2";"4";"2";"4";"5";"2";"4";"3";"2";"4"
"27";27;"FUL(A)";"MUN(H)";"NEW(A)";"ARS(H)";"MCI(A)";"HUD(H)";"LIV(H)";"WOL(A)";"BHA(H)";"TOT(A)";"2";"4";"2";"4";"5";"2";"4";"3";"2";"4"
"28";28;"FUL(A)";"MUN(H)";"NEW(A)";"ARS(H)";"MCI(A)";"HUD(H)";"LIV(H)";"WOL(A)";"BHA(H)";"TOT(A)";"2";"4";"2";"4";"5";"2";"4";"3";"2";"4"
"29";29;"FUL(A)";"MUN(H)";"NEW(A)";"ARS(H)";"MCI(A)";"HUD(H)";"LIV(H)";"WOL(A)";"BHA(H)";"TOT(A)";"2";"4";"2";"4";"5";"2";"4";"3";"2";"4"
"30";30;"FUL(A)";"MUN(H)";"NEW(A)";"ARS(H)";"MCI(A)";"HUD(H)";"LIV(H)";"WOL(A)";"BHA(H)";"TOT(A)";"2";"4";"2";"4";"5";"2";"4";"3";"2";"4"
"31";31;"FUL(A)";"MUN(H)";"NEW(A)";"ARS(H)";"MCI(A)";"HUD(H)";"LIV(H)";"WOL(A)";"BHA(H)";"TOT(A)";"2";"4";"2";"4";"5";"2";"4";"3";"2";"4"
"32";32;"FUL(A)";"MUN(H)";"NEW(A)";"ARS(H)";"MCI(A)";"HUD(H)";"LIV(H)";"WOL(A)";"BHA(H)";"TOT(A)";"2";"4";"2";"4";"5";"2";"4";"3";"2";"4"
"33";33;"LIV(A)";"LEI(H)";"BHA(H)";"EVE(A)";"WOL(H)";"WHU(A)";"SOU(H)";"WAT(A)";"MUN(H)";"CRY(A)";"5";"3";"2";"3";"3";"3";"2";"3";"4";"2"
"34";34;"FUL(A)";"MUN(H)";"NEW(A)";"ARS(H)";"MCI(A)";"HUD(H)";"LIV(H)";"WOL(A)";"BHA(H)";"TOT(A)";"2";"4";"2";"4";"5";"2";"4";"3";"2";"4"
"35";35;"FUL(A)";"MUN(H)";"NEW(A)";"ARS(H)";"MCI(A)";"HUD(H)";"LIV(H)";"WOL(A)";"BHA(H)";"TOT(A)";"2";"4";"2";"4";"5";"2";"4";"3";"2";"4"
"36";36;"FUL(A)";"MUN(H)";"NEW(A)";"ARS(H)";"MCI(A)";"HUD(H)";"LIV(H)";"WOL(A)";"BHA(H)";"TOT(A)";"2";"4";"2";"4";"5";"2";"4";"3";"2";"4"
"37";37;"FUL(A)";"MUN(H)";"NEW(A)";"ARS(H)";"MCI(A)";"HUD(H)";"LIV(H)";"WOL(A)";"BHA(H)";"TOT(A)";"2";"4";"2";"4";"5";"2";"4";"3";"2";"4"
"38";38;"FUL(A)";"MUN(H)";"NEW(A)";"ARS(H)";"MCI(A)";"HUD(H)";"LIV(H)";"WOL(A)";"BHA(H)";"TOT(A)";"2";"4";"2";"4";"5";"2";"4";"3";"2";"4"
"39";39;"FUL(A)";"MUN(H)";"NEW(A)";"ARS(H)";"MCI(A)";"HUD(H)";"LIV(H)";"WOL(A)";"BHA(H)";"TOT(A)";"2";"4";"2";"4";"5";"2";"4";"3";"2";"4"
"40";40;"FUL(A)";"MUN(H)";"NEW(A)";"ARS(H)";"MCI(A)";"HUD(H)";"LIV(H)";"WOL(A)";"BHA(H)";"TOT(A)";"2";"4";"2";"4";"5";"2";"4";"3";"2";"4"
"41";41;"FUL(A)";"MUN(H)";"NEW(A)";"ARS(H)";"MCI(A)";"HUD(H)";"LIV(H)";"WOL(A)";"BHA(H)";"TOT(A)";"2";"4";"2";"4";"5";"2";"4";"3";"2";"4"
"42";42;"FUL(A)";"MUN(H)";"NEW(A)";"ARS(H)";"MCI(A)";"HUD(H)";"LIV(H)";"WOL(A)";"BHA(H)";"TOT(A)";"2";"4";"2";"4";"5";"2";"4";"3";"2";"4"
"43";43;"FUL(A)";"MUN(H)";"NEW(A)";"ARS(H)";"MCI(A)";"HUD(H)";"LIV(H)";"WOL(A)";"BHA(H)";"TOT(A)";"2";"4";"2";"4";"5";"2";"4";"3";"2";"4"
"44";44;"FUL(A)";"MUN(H)";"NEW(A)";"ARS(H)";"MCI(A)";"HUD(H)";"LIV(H)";"WOL(A)";"BHA(H)";"TOT(A)";"2";"4";"2";"4";"5";"2";"4";"3";"2";"4"
"45";45;"FUL(A)";"MUN(H)";"NEW(A)";"ARS(H)";"MCI(A)";"HUD(H)";"LIV(H)";"WOL(A)";"BHA(H)";"TOT(A)";"2";"4";"2";"4";"5";"2";"4";"3";"2";"4"
"46";46;"FUL(A)";"MUN(H)";"NEW(A)";"ARS(H)";"MCI(A)";"HUD(H)";"LIV(H)";"WOL(A)";"BHA(H)";"TOT(A)";"2";"4";"2";"4";"5";"2";"4";"3";"2";"4"
"47";47;"WOL(H)";"EVE(A)";"CAR(A)";"LEI(H)";"HUD(A)";"CRY(H)";"BUR(A)";"CHE(H)";"BOU(A)";"ARS(H)";"3";"3";"2";"3";"2";"2";"2";"4";"3";"4"
"48";48;"WOL(H)";"EVE(A)";"CAR(A)";"LEI(H)";"HUD(A)";"CRY(H)";"BUR(A)";"CHE(H)";"BOU(A)";"ARS(H)";"3";"3";"2";"3";"2";"2";"2";"4";"3";"4"
"49";49;"WOL(H)";"EVE(A)";"CAR(A)";"LEI(H)";"HUD(A)";"CRY(H)";"BUR(A)";"CHE(H)";"BOU(A)";"ARS(H)";"3";"3";"2";"3";"2";"2";"2";"4";"3";"4"
"50";50;"WOL(H)";"EVE(A)";"CAR(A)";"LEI(H)";"HUD(A)";"CRY(H)";"BUR(A)";"CHE(H)";"BOU(A)";"ARS(H)";"3";"3";"2";"3";"2";"2";"2";"4";"3";"4"
"51";51;"WOL(H)";"EVE(A)";"CAR(A)";"LEI(H)";"HUD(A)";"CRY(H)";"BUR(A)";"CHE(H)";"BOU(A)";"ARS(H)";"3";"3";"2";"3";"2";"2";"2";"4";"3";"4"
"52";52;"WOL(H)";"EVE(A)";"CAR(A)";"LEI(H)";"HUD(A)";"CRY(H)";"BUR(A)";"CHE(H)";"BOU(A)";"ARS(H)";"3";"3";"2";"3";"2";"2";"2";"4";"3";"4"
"53";53;"WOL(H)";"EVE(A)";"CAR(A)";"LEI(H)";"HUD(A)";"CRY(H)";"BUR(A)";"CHE(H)";"BOU(A)";"ARS(H)";"3";"3";"2";"3";"2";"2";"2";"4";"3";"4"
"54";54;"WOL(H)";"EVE(A)";"CAR(A)";"LEI(H)";"HUD(A)";"CRY(H)";"BUR(A)";"CHE(H)";"BOU(A)";"ARS(H)";"3";"3";"2";"3";"2";"2";"2";"4";"3";"4"
"55";55;"WOL(H)";"EVE(A)";"CAR(A)";"LEI(H)";"HUD(A)";"CRY(H)";"BUR(A)";"CHE(H)";"BOU(A)";"ARS(H)";"3";"3";"2";"3";"2";"2";"2";"4";"3";"4"
"56";56;"WOL(H)";"EVE(A)";"CAR(A)";"LEI(H)";"HUD(A)";"CRY(H)";"BUR(A)";"CHE(H)";"BOU(A)";"ARS(H)";"3";"3";"2";"3";"2";"2";"2";"4";"3";"4"
"57";57;"WOL(H)";"EVE(A)";"CAR(A)";"LEI(H)";"HUD(A)";"CRY(H)";"BUR(A)";"CHE(H)";"BOU(A)";"ARS(H)";"3";"3";"2";"3";"2";"2";"2";"4";"3";"4"
"58";58;"WOL(H)";"EVE(A)";"CAR(A)";"LEI(H)";"HUD(A)";"CRY(H)";"BUR(A)";"CHE(H)";"BOU(A)";"ARS(H)";"3";"3";"2";"3";"2";"2";"2";"4";"3";"4"
"59";59;"WOL(H)";"EVE(A)";"CAR(A)";"LEI(H)";"HUD(A)";"CRY(H)";"BUR(A)";"CHE(H)";"BOU(A)";"ARS(H)";"3";"3";"2";"3";"2";"2";"2";"4";"3";"4"
"60";60;"WOL(H)";"EVE(A)";"CAR(A)";"LEI(H)";"HUD(A)";"CRY(H)";"BUR(A)";"CHE(H)";"BOU(A)";"ARS(H)";"3";"3";"2";"3";"2";"2";"2";"4";"3";"4"
"61";61;"WOL(H)";"EVE(A)";"CAR(A)";"LEI(H)";"HUD(A)";"CRY(H)";"BUR(A)";"CHE(H)";"BOU(A)";"ARS(H)";"3";"3";"2";"3";"2";"2";"2";"4";"3";"4"
"62";62;"WOL(H)";"EVE(A)";"CAR(A)";"LEI(H)";"HUD(A)";"CRY(H)";"BUR(A)";"CHE(H)";"BOU(A)";"ARS(H)";"3";"3";"2";"3";"2";"2";"2";"4";"3";"4"
"63";63;"WOL(H)";"EVE(A)";"CAR(A)";"LEI(H)";"HUD(A)";"CRY(H)";"BUR(A)";"CHE(H)";"BOU(A)";"ARS(H)";"3";"3";"2";"3";"2";"2";"2";"4";"3";"4"
"64";64;"WOL(H)";"EVE(A)";"CAR(A)";"LEI(H)";"HUD(A)";"CRY(H)";"BUR(A)";"CHE(H)";"BOU(A)";"ARS(H)";"3";"3";"2";"3";"2";"2";"2";"4";"3";"4"
"65";65;"WOL(H)";"EVE(A)";"CAR(A)";"LEI(H)";"HUD(A)";"CRY(H)";"BUR(A)";"CHE(H)";"BOU(A)";"ARS(H)";"3";"3";"2";"3";"2";"2";"2";"4";"3";"4"
"66";66;"WOL(H)";"EVE(A)";"CAR(A)";"LEI(H)";"HUD(A)";"CRY(H)";"BUR(A)";"CHE(H)";"BOU(A)";"ARS(H)";"3";"3";"2";"3";"2";"2";"2";"4";"3";"4"
"67";67;"CHE(H)";"WHU(A)";"LEI(A)";"NEW(H)";"CRY(A)";"LIV(H)";"BHA(H)";"TOT(A)";"ARS(A)";"EVE(H)";"4";"3";"3";"2";"2";"4";"2";"4";"4";"3"
"68";68;"CHE(H)";"WHU(A)";"LEI(A)";"NEW(H)";"CRY(A)";"LIV(H)";"BHA(H)";"TOT(A)";"ARS(A)";"EVE(H)";"4";"3";"3";"2";"2";"4";"2";"4";"4";"3"
"69";69;"CHE(H)";"WHU(A)";"LEI(A)";"NEW(H)";"CRY(A)";"LIV(H)";"BHA(H)";"TOT(A)";"ARS(A)";"EVE(H)";"4";"3";"3";"2";"2";"4";"2";"4";"4";"3"
"70";70;"CHE(H)";"WHU(A)";"LEI(A)";"NEW(H)";"CRY(A)";"LIV(H)";"BHA(H)";"TOT(A)";"ARS(A)";"EVE(H)";"4";"3";"3";"2";"2";"4";"2";"4";"4";"3"
"71";71;"CHE(H)";"WHU(A)";"LEI(A)";"NEW(H)";"CRY(A)";"LIV(H)";"BHA(H)";"TOT(A)";"ARS(A)";"EVE(H)";"4";"3";"3";"2";"2";"4";"2";"4";"4";"3"
"72";72;"CHE(H)";"WHU(A)";"LEI(A)";"NEW(H)";"CRY(A)";"LIV(H)";"BHA(H)";"TOT(A)";"ARS(A)";"EVE(H)";"4";"3";"3";"2";"2";"4";"2";"4";"4";"3"
"73";73;"CHE(H)";"WHU(A)";"LEI(A)";"NEW(H)";"CRY(A)";"LIV(H)";"BHA(H)";"TOT(A)";"ARS(A)";"EVE(H)";"4";"3";"3";"2";"2";"4";"2";"4";"4";"3"
"74";74;"CHE(H)";"WHU(A)";"LEI(A)";"NEW(H)";"CRY(A)";"LIV(H)";"BHA(H)";"TOT(A)";"ARS(A)";"EVE(H)";"4";"3";"3";"2";"2";"4";"2";"4";"4";"3"
"75";75;"CHE(H)";"WHU(A)";"LEI(A)";"NEW(H)";"CRY(A)";"LIV(H)";"BHA(H)";"TOT(A)";"ARS(A)";"EVE(H)";"4";"3";"3";"2";"2";"4";"2";"4";"4";"3"
"76";76;"CHE(H)";"WHU(A)";"LEI(A)";"NEW(H)";"CRY(A)";"LIV(H)";"BHA(H)";"TOT(A)";"ARS(A)";"EVE(H)";"4";"3";"3";"2";"2";"4";"2";"4";"4";"3"
"77";77;"CHE(H)";"WHU(A)";"LEI(A)";"NEW(H)";"CRY(A)";"LIV(H)";"BHA(H)";"TOT(A)";"ARS(A)";"EVE(H)";"4";"3";"3";"2";"2";"4";"2";"4";"4";"3"
"78";78;"CHE(H)";"WHU(A)";"LEI(A)";"NEW(H)";"CRY(A)";"LIV(H)";"BHA(H)";"TOT(A)";"ARS(A)";"EVE(H)";"4";"3";"3";"2";"2";"4";"2";"4";"4";"3"
"79";79;"CHE(H)";"WHU(A)";"LEI(A)";"NEW(H)";"CRY(A)";"LIV(H)";"BHA(H)";"TOT(A)";"ARS(A)";"EVE(H)";"4";"3";"3";"2";"2";"4";"2";"4";"4";"3"
"80";80;"CHE(H)";"WHU(A)";"LEI(A)";"NEW(H)";"CRY(A)";"LIV(H)";"BHA(H)";"TOT(A)";"ARS(A)";"EVE(H)";"4";"3";"3";"2";"2";"4";"2";"4";"4";"3"
"81";81;"CHE(H)";"WHU(A)";"LEI(A)";"NEW(H)";"CRY(A)";"LIV(H)";"BHA(H)";"TOT(A)";"ARS(A)";"EVE(H)";"4";"3";"3";"2";"2";"4";"2";"4";"4";"3"
"82";82;"CHE(H)";"WHU(A)";"LEI(A)";"NEW(H)";"CRY(A)";"LIV(H)";"BHA(H)";"TOT(A)";"ARS(A)";"EVE(H)";"4";"3";"3";"2";"2";"4";"2";"4";"4";"3"
"83";83;"CHE(H)";"WHU(A)";"LEI(A)";"NEW(H)";"CRY(A)";"LIV(H)";"BHA(H)";"TOT(A)";"ARS(A)";"EVE(H)";"4";"3";"3";"2";"2";"4";"2";"4";"4";"3"
"84";84;"CHE(H)";"WHU(A)";"LEI(A)";"NEW(H)";"CRY(A)";"LIV(H)";"BHA(H)";"TOT(A)";"ARS(A)";"EVE(H)";"4";"3";"3";"2";"2";"4";"2";"4";"4";"3"
"85";85;"CHE(H)";"WHU(A)";"LEI(A)";"NEW(H)";"CRY(A)";"LIV(H)";"BHA(H)";"TOT(A)";"ARS(A)";"EVE(H)";"4";"3";"3";"2";"2";"4";"2";"4";"4";"3"
"86";86;"CHE(H)";"WHU(A)";"LEI(A)";"NEW(H)";"CRY(A)";"LIV(H)";"BHA(H)";"TOT(A)";"ARS(A)";"EVE(H)";"4";"3";"3";"2";"2";"4";"2";"4";"4";"3"
"87";87;"CHE(H)";"WHU(A)";"LEI(A)";"NEW(H)";"CRY(A)";"LIV(H)";"BHA(H)";"TOT(A)";"ARS(A)";"EVE(H)";"4";"3";"3";"2";"2";"4";"2";"4";"4";"3"
"88";88;"LIV(A)";"LEI(H)";"BHA(H)";"EVE(A)";"WOL(H)";"WHU(A)";"SOU(H)";"WAT(A)";"MUN(H)";"CRY(A)";"5";"3";"2";"3";"3";"3";"2";"3";"4";"2"
"89";89;"LIV(A)";"LEI(H)";"BHA(H)";"EVE(A)";"WOL(H)";"WHU(A)";"SOU(H)";"WAT(A)";"MUN(H)";"CRY(A)";"5";"3";"2";"3";"3";"3";"2";"3";"4";"2"
"90";90;"LIV(A)";"LEI(H)";"BHA(H)";"EVE(A)";"WOL(H)";"WHU(A)";"SOU(H)";"WAT(A)";"MUN(H)";"CRY(A)";"5";"3";"2";"3";"3";"3";"2";"3";"4";"2"
"91";91;"LIV(A)";"LEI(H)";"BHA(H)";"EVE(A)";"WOL(H)";"WHU(A)";"SOU(H)";"WAT(A)";"MUN(H)";"CRY(A)";"5";"3";"2";"3";"3";"3";"2";"3";"4";"2"
"92";92;"LIV(A)";"LEI(H)";"BHA(H)";"EVE(A)";"WOL(H)";"WHU(A)";"SOU(H)";"WAT(A)";"MUN(H)";"CRY(A)";"5";"3";"2";"3";"3";"3";"2";"3";"4";"2"
"93";93;"LIV(A)";"LEI(H)";"BHA(H)";"EVE(A)";"WOL(H)";"WHU(A)";"SOU(H)";"WAT(A)";"MUN(H)";"CRY(A)";"5";"3";"2";"3";"3";"3";"2";"3";"4";"2"
"94";94;"LIV(A)";"LEI(H)";"BHA(H)";"EVE(A)";"WOL(H)";"WHU(A)";"SOU(H)";"WAT(A)";"MUN(H)";"CRY(A)";"5";"3";"2";"3";"3";"3";"2";"3";"4";"2"
"95";95;"LIV(A)";"LEI(H)";"BHA(H)";"EVE(A)";"WOL(H)";"WHU(A)";"SOU(H)";"WAT(A)";"MUN(H)";"CRY(A)";"5";"3";"2";"3";"3";"3";"2";"3";"4";"2"
"96";96;"LIV(A)";"LEI(H)";"BHA(H)";"EVE(A)";"WOL(H)";"WHU(A)";"SOU(H)";"WAT(A)";"MUN(H)";"CRY(A)";"5";"3";"2";"3";"3";"3";"2";"3";"4";"2"
"97";97;"LIV(A)";"LEI(H)";"BHA(H)";"EVE(A)";"WOL(H)";"WHU(A)";"SOU(H)";"WAT(A)";"MUN(H)";"CRY(A)";"5";"3";"2";"3";"3";"3";"2";"3";"4";"2"
"98";98;"LIV(A)";"LEI(H)";"BHA(H)";"EVE(A)";"WOL(H)";"WHU(A)";"SOU(H)";"WAT(A)";"MUN(H)";"CRY(A)";"5";"3";"2";"3";"3";"3";"2";"3";"4";"2"
"99";99;"LIV(A)";"LEI(H)";"BHA(H)";"EVE(A)";"WOL(H)";"WHU(A)";"SOU(H)";"WAT(A)";"MUN(H)";"CRY(A)";"5";"3";"2";"3";"3";"3";"2";"3";"4";"2"
"100";100;"LIV(A)";"LEI(H)";"BHA(H)";"EVE(A)";"WOL(H)";"WHU(A)";"SOU(H)";"WAT(A)";"MUN(H)";"CRY(A)";"5";"3";"2";"3";"3";"3";"2";"3";"4";"2"
"101";101;"LIV(A)";"LEI(H)";"BHA(H)";"EVE(A)";"WOL(H)";"WHU(A)";"SOU(H)";"WAT(A)";"MUN(H)";"CRY(A)";"5";"3";"2";"3";"3";"3";"2";"3";"4";"2"
"102";102;"LIV(A)";"LEI(H)";"BHA(H)";"EVE(A)";"WOL(H)";"WHU(A)";"SOU(H)";"WAT(A)";"MUN(H)";"CRY(A)";"5";"3";"2";"3";"3";"3";"2";"3";"4";"2"
"103";103;"LIV(A)";"LEI(H)";"BHA(H)";"EVE(A)";"WOL(H)";"WHU(A)";"SOU(H)";"WAT(A)";"MUN(H)";"CRY(A)";"5";"3";"2";"3";"3";"3";"2";"3";"4";"2"
"104";104;"LIV(A)";"LEI(H)";"BHA(H)";"EVE(A)";"WOL(H)";"WHU(A)";"SOU(H)";"WAT(A)";"MUN(H)";"CRY(A)";"5";"3";"2";"3";"3";"3";"2";"3";"4";"2"
"105";105;"LIV(A)";"LEI(H)";"BHA(H)";"EVE(A)";"WOL(H)";"WHU(A)";"SOU(H)";"WAT(A)";"MUN(H)";"CRY(A)";"5";"3";"2";"3";"3";"3";"2";"3";"4";"2"
"106";106;"LIV(A)";"LEI(H)";"BHA(H)";"EVE(A)";"WOL(H)";"WHU(A)";"SOU(H)";"WAT(A)";"MUN(H)";"CRY(A)";"5";"3";"2";"3";"3";"3";"2";"3";"4";"2"
"107";107;"LIV(A)";"LEI(H)";"BHA(H)";"EVE(A)";"WOL(H)";"WHU(A)";"SOU(H)";"WAT(A)";"MUN(H)";"CRY(A)";"5";"3";"2";"3";"3";"3";"2";"3";"4";"2"
"108";108;"LIV(A)";"LEI(H)";"BHA(H)";"EVE(A)";"WOL(H)";"WHU(A)";"SOU(H)";"WAT(A)";"MUN(H)";"CRY(A)";"5";"3";"2";"3";"3";"3";"2";"3";"4";"2"
"109";109;"LIV(A)";"LEI(H)";"BHA(H)";"EVE(A)";"WOL(H)";"WHU(A)";"SOU(H)";"WAT(A)";"MUN(H)";"CRY(A)";"5";"3";"2";"3";"3";"3";"2";"3";"4";"2"
"110";110;"LIV(A)";"LEI(H)";"BHA(H)";"EVE(A)";"WOL(H)";"WHU(A)";"SOU(H)";"WAT(A)";"MUN(H)";"CRY(A)";"5";"3";"2";"3";"3";"3";"2";"3";"4";"2"
"111";111;"BUR(A)";"CRY(H)";"EVE(H)";"TOT(A)";"FUL(H)";"WOL(A)";"MCI(H)";"BHA(A)";"LEI(H)";"WAT(A)";"2";"2";"3";"4";"2";"3";"5";"3";"3";"3"
"112";112;"BUR(A)";"CRY(H)";"EVE(H)";"TOT(A)";"FUL(H)";"WOL(A)";"MCI(H)";"BHA(A)";"LEI(H)";"WAT(A)";"2";"2";"3";"4";"2";"3";"5";"3";"3";"3"
"113";113;"BUR(A)";"CRY(H)";"EVE(H)";"TOT(A)";"FUL(H)";"WOL(A)";"MCI(H)";"BHA(A)";"LEI(H)";"WAT(A)";"2";"2";"3";"4";"2";"3";"5";"3";"3";"3"
"114";114;"BUR(A)";"CRY(H)";"EVE(H)";"TOT(A)";"FUL(H)";"WOL(A)";"MCI(H)";"BHA(A)";"LEI(H)";"WAT(A)";"2";"2";"3";"4";"2";"3";"5";"3";"3";"3"
"115";115;"BUR(A)";"CRY(H)";"EVE(H)";"TOT(A)";"FUL(H)";"WOL(A)";"MCI(H)";"BHA(A)";"LEI(H)";"WAT(A)";"2";"2";"3";"4";"2";"3";"5";"3";"3";"3"
"116";116;"BUR(A)";"CRY(H)";"EVE(H)";"TOT(A)";"FUL(H)";"WOL(A)";"MCI(H)";"BHA(A)";"LEI(H)";"WAT(A)";"2";"2";"3";"4";"2";"3";"5";"3";"3";"3"
"117";117;"BUR(A)";"CRY(H)";"EVE(H)";"TOT(A)";"FUL(H)";"WOL(A)";"MCI(H)";"BHA(A)";"LEI(H)";"WAT(A)";"2";"2";"3";"4";"2";"3";"5";"3";"3";"3"
"118";118;"BUR(A)";"CRY(H)";"EVE(H)";"TOT(A)";"FUL(H)";"WOL(A)";"MCI(H)";"BHA(A)";"LEI(H)";"WAT(A)";"2";"2";"3";"4";"2";"3";"5";"3";"3";"3"
"119";119;"BUR(A)";"CRY(H)";"EVE(H)";"TOT(A)";"FUL(H)";"WOL(A)";"MCI(H)";"BHA(A)";"LEI(H)";"WAT(A)";"2";"2";"3";"4";"2";"3";"5";"3";"3";"3"
"120";120;"BUR(A)";"CRY(H)";"EVE(H)";"TOT(A)";"FUL(H)";"WOL(A)";"MCI(H)";"BHA(A)";"LEI(H)";"WAT(A)";"2";"2";"3";"4";"2";"3";"5";"3";"3";"3"
"121";121;"BUR(A)";"CRY(H)";"EVE(H)";"TOT(A)";"FUL(H)";"WOL(A)";"MCI(H)";"BHA(A)";"LEI(H)";"WAT(A)";"2";"2";"3";"4";"2";"3";"5";"3";"3";"3"
"122";122;"BUR(A)";"CRY(H)";"EVE(H)";"TOT(A)";"FUL(H)";"WOL(A)";"MCI(H)";"BHA(A)";"LEI(H)";"WAT(A)";"2";"2";"3";"4";"2";"3";"5";"3";"3";"3"
"123";123;"BUR(A)";"CRY(H)";"EVE(H)";"TOT(A)";"FUL(H)";"WOL(A)";"MCI(H)";"BHA(A)";"LEI(H)";"WAT(A)";"2";"2";"3";"4";"2";"3";"5";"3";"3";"3"
"124";124;"BUR(A)";"CRY(H)";"EVE(H)";"TOT(A)";"FUL(H)";"WOL(A)";"MCI(H)";"BHA(A)";"LEI(H)";"WAT(A)";"2";"2";"3";"4";"2";"3";"5";"3";"3";"3"
"125";125;"BUR(A)";"CRY(H)";"EVE(H)";"TOT(A)";"FUL(H)";"WOL(A)";"MCI(H)";"BHA(A)";"LEI(H)";"WAT(A)";"2";"2";"3";"4";"2";"3";"5";"3";"3";"3"
"126";126;"BUR(A)";"CRY(H)";"EVE(H)";"TOT(A)";"FUL(H)";"WOL(A)";"MCI(H)";"BHA(A)";"LEI(H)";"WAT(A)";"2";"2";"3";"4";"2";"3";"5";"3";"3";"3"
"127";127;"BUR(A)";"CRY(H)";"EVE(H)";"TOT(A)";"FUL(H)";"WOL(A)";"MCI(H)";"BHA(A)";"LEI(H)";"WAT(A)";"2";"2";"3";"4";"2";"3";"5";"3";"3";"3"
"128";128;"BUR(A)";"CRY(H)";"EVE(H)";"TOT(A)";"FUL(H)";"WOL(A)";"MCI(H)";"BHA(A)";"LEI(H)";"WAT(A)";"2";"2";"3";"4";"2";"3";"5";"3";"3";"3"
"129";129;"BUR(A)";"CRY(H)";"EVE(H)";"TOT(A)";"FUL(H)";"WOL(A)";"MCI(H)";"BHA(A)";"LEI(H)";"WAT(A)";"2";"2";"3";"4";"2";"3";"5";"3";"3";"3"
"130";130;"BUR(A)";"CRY(H)";"EVE(H)";"TOT(A)";"FUL(H)";"WOL(A)";"MCI(H)";"BHA(A)";"LEI(H)";"WAT(A)";"2";"2";"3";"4";"2";"3";"5";"3";"3";"3"
"131";131;"BUR(A)";"CRY(H)";"EVE(H)";"TOT(A)";"FUL(H)";"WOL(A)";"MCI(H)";"BHA(A)";"LEI(H)";"WAT(A)";"2";"2";"3";"4";"2";"3";"5";"3";"3";"3"
"132";132;"BUR(A)";"CRY(H)";"EVE(H)";"TOT(A)";"FUL(H)";"WOL(A)";"MCI(H)";"BHA(A)";"LEI(H)";"WAT(A)";"2";"2";"3";"4";"2";"3";"5";"3";"3";"3"
"133";133;"BUR(A)";"CRY(H)";"EVE(H)";"TOT(A)";"FUL(H)";"WOL(A)";"MCI(H)";"BHA(A)";"LEI(H)";"WAT(A)";"2";"2";"3";"4";"2";"3";"5";"3";"3";"3"
"134";134;"BUR(A)";"CRY(H)";"EVE(H)";"TOT(A)";"FUL(H)";"WOL(A)";"MCI(H)";"BHA(A)";"LEI(H)";"WAT(A)";"2";"2";"3";"4";"2";"3";"5";"3";"3";"3"
"135";135;"ARS(H)";"CHE(A)";"TOT(H)";"MUN(A)";"BUR(H)";"BHA(A)";"WHU(A)";"LEI(H)";"MCI(A)";"CAR(H)";"4";"4";"4";"4";"2";"3";"3";"3";"5";"2"
"136";136;"ARS(H)";"CHE(A)";"TOT(H)";"MUN(A)";"BUR(H)";"BHA(A)";"WHU(A)";"LEI(H)";"MCI(A)";"CAR(H)";"4";"4";"4";"4";"2";"3";"3";"3";"5";"2"
"137";137;"ARS(H)";"CHE(A)";"TOT(H)";"MUN(A)";"BUR(H)";"BHA(A)";"WHU(A)";"LEI(H)";"MCI(A)";"CAR(H)";"4";"4";"4";"4";"2";"3";"3";"3";"5";"2"
"138";138;"ARS(H)";"CHE(A)";"TOT(H)";"MUN(A)";"BUR(H)";"BHA(A)";"WHU(A)";"LEI(H)";"MCI(A)";"CAR(H)";"4";"4";"4";"4";"2";"3";"3";"3";"5";"2"
"139";139;"ARS(H)";"CHE(A)";"TOT(H)";"MUN(A)";"BUR(H)";"BHA(A)";"WHU(A)";"LEI(H)";"MCI(A)";"CAR(H)";"4";"4";"4";"4";"2";"3";"3";"3";"5";"2"
"140";140;"ARS(H)";"CHE(A)";"TOT(H)";"MUN(A)";"BUR(H)";"BHA(A)";"WHU(A)";"LEI(H)";"MCI(A)";"CAR(H)";"4";"4";"4";"4";"2";"3";"3";"3";"5";"2"
"141";141;"ARS(H)";"CHE(A)";"TOT(H)";"MUN(A)";"BUR(H)";"BHA(A)";"WHU(A)";"LEI(H)";"MCI(A)";"CAR(H)";"4";"4";"4";"4";"2";"3";"3";"3";"5";"2"
"142";142;"ARS(H)";"CHE(A)";"TOT(H)";"MUN(A)";"BUR(H)";"BHA(A)";"WHU(A)";"LEI(H)";"MCI(A)";"CAR(H)";"4";"4";"4";"4";"2";"3";"3";"3";"5";"2"
"143";143;"ARS(H)";"CHE(A)";"TOT(H)";"MUN(A)";"BUR(H)";"BHA(A)";"WHU(A)";"LEI(H)";"MCI(A)";"CAR(H)";"4";"4";"4";"4";"2";"3";"3";"3";"5";"2"
"144";144;"ARS(H)";"CHE(A)";"TOT(H)";"MUN(A)";"BUR(H)";"BHA(A)";"WHU(A)";"LEI(H)";"MCI(A)";"CAR(H)";"4";"4";"4";"4";"2";"3";"3";"3";"5";"2"
"145";145;"ARS(H)";"CHE(A)";"TOT(H)";"MUN(A)";"BUR(H)";"BHA(A)";"WHU(A)";"LEI(H)";"MCI(A)";"CAR(H)";"4";"4";"4";"4";"2";"3";"3";"3";"5";"2"
"146";146;"ARS(H)";"CHE(A)";"TOT(H)";"MUN(A)";"BUR(H)";"BHA(A)";"WHU(A)";"LEI(H)";"MCI(A)";"CAR(H)";"4";"4";"4";"4";"2";"3";"3";"3";"5";"2"
"147";147;"ARS(H)";"CHE(A)";"TOT(H)";"MUN(A)";"BUR(H)";"BHA(A)";"WHU(A)";"LEI(H)";"MCI(A)";"CAR(H)";"4";"4";"4";"4";"2";"3";"3";"3";"5";"2"
"148";148;"ARS(H)";"CHE(A)";"TOT(H)";"MUN(A)";"BUR(H)";"BHA(A)";"WHU(A)";"LEI(H)";"MCI(A)";"CAR(H)";"4";"4";"4";"4";"2";"3";"3";"3";"5";"2"
"149";149;"ARS(H)";"CHE(A)";"TOT(H)";"MUN(A)";"BUR(H)";"BHA(A)";"WHU(A)";"LEI(H)";"MCI(A)";"CAR(H)";"4";"4";"4";"4";"2";"3";"3";"3";"5";"2"
"150";150;"ARS(H)";"CHE(A)";"TOT(H)";"MUN(A)";"BUR(H)";"BHA(A)";"WHU(A)";"LEI(H)";"MCI(A)";"CAR(H)";"4";"4";"4";"4";"2";"3";"3";"3";"5";"2"
"151";151;"ARS(H)";"CHE(A)";"TOT(H)";"MUN(A)";"BUR(H)";"BHA(A)";"WHU(A)";"LEI(H)";"MCI(A)";"CAR(H)";"4";"4";"4";"4";"2";"3";"3";"3";"5";"2"
"152";152;"ARS(H)";"CHE(A)";"TOT(H)";"MUN(A)";"BUR(H)";"BHA(A)";"WHU(A)";"LEI(H)";"MCI(A)";"CAR(H)";"4";"4";"4";"4";"2";"3";"3";"3";"5";"2"
"153";153;"ARS(H)";"CHE(A)";"TOT(H)";"MUN(A)";"BUR(H)";"BHA(A)";"WHU(A)";"LEI(H)";"MCI(A)";"CAR(H)";"4";"4";"4";"4";"2";"3";"3";"3";"5";"2"
"154";154;"MUN(A)";"BHA(H)";"CHE(A)";"CAR(H)";"LIV(A)";"NEW(H)";"WAT(H)";"MCI(A)";"TOT(H)";"BUR(A)";"4";"2";"4";"2";"5";"2";"3";"5";"4";"2"
"155";155;"MUN(A)";"BHA(H)";"CHE(A)";"CAR(H)";"LIV(A)";"NEW(H)";"WAT(H)";"MCI(A)";"TOT(H)";"BUR(A)";"4";"2";"4";"2";"5";"2";"3";"5";"4";"2"
"156";156;"MUN(A)";"BHA(H)";"CHE(A)";"CAR(H)";"LIV(A)";"NEW(H)";"WAT(H)";"MCI(A)";"TOT(H)";"BUR(A)";"4";"2";"4";"2";"5";"2";"3";"5";"4";"2"
"157";157;"MUN(A)";"BHA(H)";"CHE(A)";"CAR(H)";"LIV(A)";"NEW(H)";"WAT(H)";"MCI(A)";"TOT(H)";"BUR(A)";"4";"2";"4";"2";"5";"2";"3";"5";"4";"2"
"158";158;"MUN(A)";"BHA(H)";"CHE(A)";"CAR(H)";"LIV(A)";"NEW(H)";"WAT(H)";"MCI(A)";"TOT(H)";"BUR(A)";"4";"2";"4";"2";"5";"2";"3";"5";"4";"2"
"159";159;"MUN(A)";"BHA(H)";"CHE(A)";"CAR(H)";"LIV(A)";"NEW(H)";"WAT(H)";"MCI(A)";"TOT(H)";"BUR(A)";"4";"2";"4";"2";"5";"2";"3";"5";"4";"2"
"160";160;"MUN(A)";"BHA(H)";"CHE(A)";"CAR(H)";"LIV(A)";"NEW(H)";"WAT(H)";"MCI(A)";"TOT(H)";"BUR(A)";"4";"2";"4";"2";"5";"2";"3";"5";"4";"2"
"161";161;"MUN(A)";"BHA(H)";"CHE(A)";"CAR(H)";"LIV(A)";"NEW(H)";"WAT(H)";"MCI(A)";"TOT(H)";"BUR(A)";"4";"2";"4";"2";"5";"2";"3";"5";"4";"2"
"162";162;"MUN(A)";"BHA(H)";"CHE(A)";"CAR(H)";"LIV(A)";"NEW(H)";"WAT(H)";"MCI(A)";"TOT(H)";"BUR(A)";"4";"2";"4";"2";"5";"2";"3";"5";"4";"2"
"163";163;"MUN(A)";"BHA(H)";"CHE(A)";"CAR(H)";"LIV(A)";"NEW(H)";"WAT(H)";"MCI(A)";"TOT(H)";"BUR(A)";"4";"2";"4";"2";"5";"2";"3";"5";"4";"2"
"164";164;"MUN(A)";"BHA(H)";"CHE(A)";"CAR(H)";"LIV(A)";"NEW(H)";"WAT(H)";"MCI(A)";"TOT(H)";"BUR(A)";"4";"2";"4";"2";"5";"2";"3";"5";"4";"2"
"165";165;"MUN(A)";"BHA(H)";"CHE(A)";"CAR(H)";"LIV(A)";"NEW(H)";"WAT(H)";"MCI(A)";"TOT(H)";"BUR(A)";"4";"2";"4";"2";"5";"2";"3";"5";"4";"2"
"166";166;"MUN(A)";"BHA(H)";"CHE(A)";"CAR(H)";"LIV(A)";"NEW(H)";"WAT(H)";"MCI(A)";"TOT(H)";"BUR(A)";"4";"2";"4";"2";"5";"2";"3";"5";"4";"2"
"167";167;"MUN(A)";"BHA(H)";"CHE(A)";"CAR(H)";"LIV(A)";"NEW(H)";"WAT(H)";"MCI(A)";"TOT(H)";"BUR(A)";"4";"2";"4";"2";"5";"2";"3";"5";"4";"2"
"168";168;"MUN(A)";"BHA(H)";"CHE(A)";"CAR(H)";"LIV(A)";"NEW(H)";"WAT(H)";"MCI(A)";"TOT(H)";"BUR(A)";"4";"2";"4";"2";"5";"2";"3";"5";"4";"2"
"169";169;"MUN(A)";"BHA(H)";"CHE(A)";"CAR(H)";"LIV(A)";"NEW(H)";"WAT(H)";"MCI(A)";"TOT(H)";"BUR(A)";"4";"2";"4";"2";"5";"2";"3";"5";"4";"2"
"170";170;"MUN(A)";"BHA(H)";"CHE(A)";"CAR(H)";"LIV(A)";"NEW(H)";"WAT(H)";"MCI(A)";"TOT(H)";"BUR(A)";"4";"2";"4";"2";"5";"2";"3";"5";"4";"2"
"171";171;"MUN(A)";"BHA(H)";"CHE(A)";"CAR(H)";"LIV(A)";"NEW(H)";"WAT(H)";"MCI(A)";"TOT(H)";"BUR(A)";"4";"2";"4";"2";"5";"2";"3";"5";"4";"2"
"172";172;"MUN(A)";"BHA(H)";"CHE(A)";"CAR(H)";"LIV(A)";"NEW(H)";"WAT(H)";"MCI(A)";"TOT(H)";"BUR(A)";"4";"2";"4";"2";"5";"2";"3";"5";"4";"2"
"173";173;"MUN(A)";"BHA(H)";"CHE(A)";"CAR(H)";"LIV(A)";"NEW(H)";"WAT(H)";"MCI(A)";"TOT(H)";"BUR(A)";"4";"2";"4";"2";"5";"2";"3";"5";"4";"2"
"174";174;"MUN(A)";"BHA(H)";"CHE(A)";"CAR(H)";"LIV(A)";"NEW(H)";"WAT(H)";"MCI(A)";"TOT(H)";"BUR(A)";"4";"2";"4";"2";"5";"2";"3";"5";"4";"2"
"175";175;"MUN(A)";"BHA(H)";"CHE(A)";"CAR(H)";"LIV(A)";"NEW(H)";"WAT(H)";"MCI(A)";"TOT(H)";"BUR(A)";"4";"2";"4";"2";"5";"2";"3";"5";"4";"2"
"176";176;"MUN(A)";"BHA(H)";"CHE(A)";"CAR(H)";"LIV(A)";"NEW(H)";"WAT(H)";"MCI(A)";"TOT(H)";"BUR(A)";"4";"2";"4";"2";"5";"2";"3";"5";"4";"2"
"177";177;"MUN(A)";"BHA(H)";"CHE(A)";"CAR(H)";"LIV(A)";"NEW(H)";"WAT(H)";"MCI(A)";"TOT(H)";"BUR(A)";"4";"2";"4";"2";"5";"2";"3";"5";"4";"2"
"178";178;"BOU(H)";"HUD(A)";"LIV(A)";"SOU(H)";"CHE(A)";"LEI(H)";"MUN(A)";"WHU(H)";"NEW(A)";"WOL(H)";"3";"2";"5";"2";"4";"3";"4";"2";"2";"3"
"179";179;"WOL(H)";"EVE(A)";"CAR(A)";"LEI(H)";"HUD(A)";"CRY(H)";"BUR(A)";"CHE(H)";"BOU(A)";"ARS(H)";"3";"3";"2";"3";"2";"2";"2";"4";"3";"4"
"180";180;"BOU(H)";"HUD(A)";"LIV(A)";"SOU(H)";"CHE(A)";"LEI(H)";"MUN(A)";"WHU(H)";"NEW(A)";"WOL(H)";"3";"2";"5";"2";"4";"3";"4";"2";"2";"3"
"181";181;"BOU(H)";"HUD(A)";"LIV(A)";"SOU(H)";"CHE(A)";"LEI(H)";"MUN(A)";"WHU(H)";"NEW(A)";"WOL(H)";"3";"2";"5";"2";"4";"3";"4";"2";"2";"3"
"182";182;"BOU(H)";"HUD(A)";"LIV(A)";"SOU(H)";"CHE(A)";"LEI(H)";"MUN(A)";"WHU(H)";"NEW(A)";"WOL(H)";"3";"2";"5";"2";"4";"3";"4";"2";"2";"3"
"183";183;"BOU(H)";"HUD(A)";"LIV(A)";"SOU(H)";"CHE(A)";"LEI(H)";"MUN(A)";"WHU(H)";"NEW(A)";"WOL(H)";"3";"2";"5";"2";"4";"3";"4";"2";"2";"3"
"184";184;"BOU(H)";"HUD(A)";"LIV(A)";"SOU(H)";"CHE(A)";"LEI(H)";"MUN(A)";"WHU(H)";"NEW(A)";"WOL(H)";"3";"2";"5";"2";"4";"3";"4";"2";"2";"3"
"185";185;"BOU(H)";"HUD(A)";"LIV(A)";"SOU(H)";"CHE(A)";"LEI(H)";"MUN(A)";"WHU(H)";"NEW(A)";"WOL(H)";"3";"2";"5";"2";"4";"3";"4";"2";"2";"3"
"186";186;"BOU(H)";"HUD(A)";"LIV(A)";"SOU(H)";"CHE(A)";"LEI(H)";"MUN(A)";"WHU(H)";"NEW(A)";"WOL(H)";"3";"2";"5";"2";"4";"3";"4";"2";"2";"3"
"187";187;"BOU(H)";"HUD(A)";"LIV(A)";"SOU(H)";"CHE(A)";"LEI(H)";"MUN(A)";"WHU(H)";"NEW(A)";"WOL(H)";"3";"2";"5";"2";"4";"3";"4";"2";"2";"3"
"188";188;"BOU(H)";"HUD(A)";"LIV(A)";"SOU(H)";"CHE(A)";"LEI(H)";"MUN(A)";"WHU(H)";"NEW(A)";"WOL(H)";"3";"2";"5";"2";"4";"3";"4";"2";"2";"3"
"189";189;"BOU(H)";"HUD(A)";"LIV(A)";"SOU(H)";"CHE(A)";"LEI(H)";"MUN(A)";"WHU(H)";"NEW(A)";"WOL(H)";"3";"2";"5";"2";"4";"3";"4";"2";"2";"3"
"190";190;"WAT(A)";"FUL(H)";"WHU(H)";"WOL(A)";"BHA(H)";"BOU(A)";"ARS(A)";"NEW(H)";"SOU(H)";"MUN(A)";"3";"2";"2";"3";"2";"3";"4";"2";"2";"4"
"191";191;"WAT(A)";"FUL(H)";"WHU(H)";"WOL(A)";"BHA(H)";"BOU(A)";"ARS(A)";"NEW(H)";"SOU(H)";"MUN(A)";"3";"2";"2";"3";"2";"3";"4";"2";"2";"4"
"192";192;"WAT(A)";"FUL(H)";"WHU(H)";"WOL(A)";"BHA(H)";"BOU(A)";"ARS(A)";"NEW(H)";"SOU(H)";"MUN(A)";"3";"2";"2";"3";"2";"3";"4";"2";"2";"4"
"193";193;"WAT(A)";"FUL(H)";"WHU(H)";"WOL(A)";"BHA(H)";"BOU(A)";"ARS(A)";"NEW(H)";"SOU(H)";"MUN(A)";"3";"2";"2";"3";"2";"3";"4";"2";"2";"4"
"194";194;"WAT(A)";"FUL(H)";"WHU(H)";"WOL(A)";"BHA(H)";"BOU(A)";"ARS(A)";"NEW(H)";"SOU(H)";"MUN(A)";"3";"2";"2";"3";"2";"3";"4";"2";"2";"4"
"195";195;"WAT(A)";"FUL(H)";"WHU(H)";"WOL(A)";"BHA(H)";"BOU(A)";"ARS(A)";"NEW(H)";"SOU(H)";"MUN(A)";"3";"2";"2";"3";"2";"3";"4";"2";"2";"4"
"196";196;"WAT(A)";"FUL(H)";"WHU(H)";"WOL(A)";"BHA(H)";"BOU(A)";"ARS(A)";"NEW(H)";"SOU(H)";"MUN(A)";"3";"2";"2";"3";"2";"3";"4";"2";"2";"4"
"197";197;"WAT(A)";"FUL(H)";"WHU(H)";"WOL(A)";"BHA(H)";"BOU(A)";"ARS(A)";"NEW(H)";"SOU(H)";"MUN(A)";"3";"2";"2";"3";"2";"3";"4";"2";"2";"4"
"198";198;"WAT(A)";"FUL(H)";"WHU(H)";"WOL(A)";"BHA(H)";"BOU(A)";"ARS(A)";"NEW(H)";"SOU(H)";"MUN(A)";"3";"2";"2";"3";"2";"3";"4";"2";"2";"4"
"199";199;"WAT(A)";"FUL(H)";"WHU(H)";"WOL(A)";"BHA(H)";"BOU(A)";"ARS(A)";"NEW(H)";"SOU(H)";"MUN(A)";"3";"2";"2";"3";"2";"3";"4";"2";"2";"4"
"200";200;"WAT(A)";"FUL(H)";"WHU(H)";"WOL(A)";"BHA(H)";"BOU(A)";"ARS(A)";"NEW(H)";"SOU(H)";"MUN(A)";"3";"2";"2";"3";"2";"3";"4";"2";"2";"4"
"201";201;"WAT(A)";"FUL(H)";"WHU(H)";"WOL(A)";"BHA(H)";"BOU(A)";"ARS(A)";"NEW(H)";"SOU(H)";"MUN(A)";"3";"2";"2";"3";"2";"3";"4";"2";"2";"4"
"202";202;"WAT(A)";"FUL(H)";"WHU(H)";"WOL(A)";"BHA(H)";"BOU(A)";"ARS(A)";"NEW(H)";"SOU(H)";"MUN(A)";"3";"2";"2";"3";"2";"3";"4";"2";"2";"4"
"203";203;"WAT(A)";"FUL(H)";"WHU(H)";"WOL(A)";"BHA(H)";"BOU(A)";"ARS(A)";"NEW(H)";"SOU(H)";"MUN(A)";"3";"2";"2";"3";"2";"3";"4";"2";"2";"4"
"204";204;"WAT(A)";"FUL(H)";"WHU(H)";"WOL(A)";"BHA(H)";"BOU(A)";"ARS(A)";"NEW(H)";"SOU(H)";"MUN(A)";"3";"2";"2";"3";"2";"3";"4";"2";"2";"4"
"205";205;"WAT(A)";"FUL(H)";"WHU(H)";"WOL(A)";"BHA(H)";"BOU(A)";"ARS(A)";"NEW(H)";"SOU(H)";"MUN(A)";"3";"2";"2";"3";"2";"3";"4";"2";"2";"4"
"206";206;"WAT(A)";"FUL(H)";"WHU(H)";"WOL(A)";"BHA(H)";"BOU(A)";"ARS(A)";"NEW(H)";"SOU(H)";"MUN(A)";"3";"2";"2";"3";"2";"3";"4";"2";"2";"4"
"207";207;"WAT(A)";"FUL(H)";"WHU(H)";"WOL(A)";"BHA(H)";"BOU(A)";"ARS(A)";"NEW(H)";"SOU(H)";"MUN(A)";"3";"2";"2";"3";"2";"3";"4";"2";"2";"4"
"208";208;"WAT(A)";"FUL(H)";"WHU(H)";"WOL(A)";"BHA(H)";"BOU(A)";"ARS(A)";"NEW(H)";"SOU(H)";"MUN(A)";"3";"2";"2";"3";"2";"3";"4";"2";"2";"4"
"209";209;"WAT(A)";"FUL(H)";"WHU(H)";"WOL(A)";"BHA(H)";"BOU(A)";"ARS(A)";"NEW(H)";"SOU(H)";"MUN(A)";"3";"2";"2";"3";"2";"3";"4";"2";"2";"4"
"210";210;"WAT(A)";"FUL(H)";"WHU(H)";"WOL(A)";"BHA(H)";"BOU(A)";"ARS(A)";"NEW(H)";"SOU(H)";"MUN(A)";"3";"2";"2";"3";"2";"3";"4";"2";"2";"4"
"211";211;"WAT(A)";"FUL(H)";"WHU(H)";"WOL(A)";"BHA(H)";"BOU(A)";"ARS(A)";"NEW(H)";"SOU(H)";"MUN(A)";"3";"2";"2";"3";"2";"3";"4";"2";"2";"4"
"212";212;"WAT(A)";"FUL(H)";"WHU(H)";"WOL(A)";"BHA(H)";"BOU(A)";"ARS(A)";"NEW(H)";"SOU(H)";"MUN(A)";"3";"2";"2";"3";"2";"3";"4";"2";"2";"4"
"213";213;"WHU(H)";"CAR(A)";"BUR(H)";"BHA(A)";"WAT(H)";"FUL(A)";"TOT(H)";"CRY(A)";"CHE(A)";"MCI(H)";"2";"2";"2";"3";"3";"2";"4";"2";"4";"5"
"214";214;"WHU(H)";"CAR(A)";"BUR(H)";"BHA(A)";"WAT(H)";"FUL(A)";"TOT(H)";"CRY(A)";"CHE(A)";"MCI(H)";"2";"2";"2";"3";"3";"2";"4";"2";"4";"5"
"215";215;"WHU(H)";"CAR(A)";"BUR(H)";"BHA(A)";"WAT(H)";"FUL(A)";"TOT(H)";"CRY(A)";"CHE(A)";"MCI(H)";"2";"2";"2";"3";"3";"2";"4";"2";"4";"5"
"216";216;"WHU(H)";"CAR(A)";"BUR(H)";"BHA(A)";"WAT(H)";"FUL(A)";"TOT(H)";"CRY(A)";"CHE(A)";"MCI(H)";"2";"2";"2";"3";"3";"2";"4";"2";"4";"5"
"217";217;"WHU(H)";"CAR(A)";"BUR(H)";"BHA(A)";"WAT(H)";"FUL(A)";"TOT(H)";"CRY(A)";"CHE(A)";"MCI(H)";"2";"2";"2";"3";"3";"2";"4";"2";"4";"5"
"218";218;"WHU(H)";"CAR(A)";"BUR(H)";"BHA(A)";"WAT(H)";"FUL(A)";"TOT(H)";"CRY(A)";"CHE(A)";"MCI(H)";"2";"2";"2";"3";"3";"2";"4";"2";"4";"5"
"219";219;"WHU(H)";"CAR(A)";"BUR(H)";"BHA(A)";"WAT(H)";"FUL(A)";"TOT(H)";"CRY(A)";"CHE(A)";"MCI(H)";"2";"2";"2";"3";"3";"2";"4";"2";"4";"5"
"220";220;"WHU(H)";"CAR(A)";"BUR(H)";"BHA(A)";"WAT(H)";"FUL(A)";"TOT(H)";"CRY(A)";"CHE(A)";"MCI(H)";"2";"2";"2";"3";"3";"2";"4";"2";"4";"5"
"221";221;"WHU(H)";"CAR(A)";"BUR(H)";"BHA(A)";"WAT(H)";"FUL(A)";"TOT(H)";"CRY(A)";"CHE(A)";"MCI(H)";"2";"2";"2";"3";"3";"2";"4";"2";"4";"5"
"222";222;"WHU(H)";"CAR(A)";"BUR(H)";"BHA(A)";"WAT(H)";"FUL(A)";"TOT(H)";"CRY(A)";"CHE(A)";"MCI(H)";"2";"2";"2";"3";"3";"2";"4";"2";"4";"5"
"223";223;"TOT(A)";"SOU(H)";"MUN(H)";"WHU(A)";"BOU(H)";"WAT(A)";"CHE(A)";"EVE(H)";"CRY(H)";"LEI(A)";"4";"2";"4";"3";"3";"3";"4";"3";"2";"3"
"224";224;"WHU(H)";"CAR(A)";"BUR(H)";"BHA(A)";"WAT(H)";"FUL(A)";"TOT(H)";"CRY(A)";"CHE(A)";"MCI(H)";"2";"2";"2";"3";"3";"2";"4";"2";"4";"5"
"225";225;"WHU(H)";"CAR(A)";"BUR(H)";"BHA(A)";"WAT(H)";"FUL(A)";"TOT(H)";"CRY(A)";"CHE(A)";"MCI(H)";"2";"2";"2";"3";"3";"2";"4";"2";"4";"5"
"226";226;"WHU(H)";"CAR(A)";"BUR(H)";"BHA(A)";"WAT(H)";"FUL(A)";"TOT(H)";"CRY(A)";"CHE(A)";"MCI(H)";"2";"2";"2";"3";"3";"2";"4";"2";"4";"5"
"227";227;"WHU(H)";"CAR(A)";"BUR(H)";"BHA(A)";"WAT(H)";"FUL(A)";"TOT(H)";"CRY(A)";"CHE(A)";"MCI(H)";"2";"2";"2";"3";"3";"2";"4";"2";"4";"5"
"228";228;"WHU(H)";"CAR(A)";"BUR(H)";"BHA(A)";"WAT(H)";"FUL(A)";"TOT(H)";"CRY(A)";"CHE(A)";"MCI(H)";"2";"2";"2";"3";"3";"2";"4";"2";"4";"5"
"229";229;"WHU(H)";"CAR(A)";"BUR(H)";"BHA(A)";"WAT(H)";"FUL(A)";"TOT(H)";"CRY(A)";"CHE(A)";"MCI(H)";"2";"2";"2";"3";"3";"2";"4";"2";"4";"5"
"230";230;"WHU(H)";"CAR(A)";"BUR(H)";"BHA(A)";"WAT(H)";"FUL(A)";"TOT(H)";"CRY(A)";"CHE(A)";"MCI(H)";"2";"2";"2";"3";"3";"2";"4";"2";"4";"5"
"231";231;"WHU(H)";"CAR(A)";"BUR(H)";"BHA(A)";"WAT(H)";"FUL(A)";"TOT(H)";"CRY(A)";"CHE(A)";"MCI(H)";"2";"2";"2";"3";"3";"2";"4";"2";"4";"5"
"232";232;"WHU(H)";"CAR(A)";"BUR(H)";"BHA(A)";"WAT(H)";"FUL(A)";"TOT(H)";"CRY(A)";"CHE(A)";"MCI(H)";"2";"2";"2";"3";"3";"2";"4";"2";"4";"5"
"233";233;"WHU(H)";"CAR(A)";"BUR(H)";"BHA(A)";"WAT(H)";"FUL(A)";"TOT(H)";"CRY(A)";"CHE(A)";"MCI(H)";"2";"2";"2";"3";"3";"2";"4";"2";"4";"5"
"234";234;"WHU(H)";"CAR(A)";"BUR(H)";"BHA(A)";"WAT(H)";"FUL(A)";"TOT(H)";"CRY(A)";"CHE(A)";"MCI(H)";"2";"2";"2";"3";"3";"2";"4";"2";"4";"5"
"235";235;"WHU(H)";"CAR(A)";"BUR(H)";"BHA(A)";"WAT(H)";"FUL(A)";"TOT(H)";"CRY(A)";"CHE(A)";"MCI(H)";"2";"2";"2";"3";"3";"2";"4";"2";"4";"5"
"236";236;"WHU(H)";"CAR(A)";"BUR(H)";"BHA(A)";"WAT(H)";"FUL(A)";"TOT(H)";"CRY(A)";"CHE(A)";"MCI(H)";"2";"2";"2";"3";"3";"2";"4";"2";"4";"5"
"237";237;"CAR(H)";"ARS(A)";"FUL(H)";"WAT(A)";"EVE(H)";"BUR(A)";"BOU(A)";"MUN(H)";"WOL(A)";"NEW(H)";"2";"4";"2";"3";"3";"2";"3";"4";"3";"2"
"238";238;"CAR(H)";"ARS(A)";"FUL(H)";"WAT(A)";"EVE(H)";"BUR(A)";"BOU(A)";"MUN(H)";"WOL(A)";"NEW(H)";"2";"4";"2";"3";"3";"2";"3";"4";"3";"2"
"239";239;"CAR(H)";"ARS(A)";"FUL(H)";"WAT(A)";"EVE(H)";"BUR(A)";"BOU(A)";"MUN(H)";"WOL(A)";"NEW(H)";"2";"4";"2";"3";"3";"2";"3";"4";"3";"2"
"240";240;"CAR(H)";"ARS(A)";"FUL(H)";"WAT(A)";"EVE(H)";"BUR(A)";"BOU(A)";"MUN(H)";"WOL(A)";"NEW(H)";"2";"4";"2";"3";"3";"2";"3";"4";"3";"2"
"241";241;"CAR(H)";"ARS(A)";"FUL(H)";"WAT(A)";"EVE(H)";"BUR(A)";"BOU(A)";"MUN(H)";"WOL(A)";"NEW(H)";"2";"4";"2";"3";"3";"2";"3";"4";"3";"2"
"242";242;"CAR(H)";"ARS(A)";"FUL(H)";"WAT(A)";"EVE(H)";"BUR(A)";"BOU(A)";"MUN(H)";"WOL(A)";"NEW(H)";"2";"4";"2";"3";"3";"2";"3";"4";"3";"2"
"243";243;"CAR(H)";"ARS(A)";"FUL(H)";"WAT(A)";"EVE(H)";"BUR(A)";"BOU(A)";"MUN(H)";"WOL(A)";"NEW(H)";"2";"4";"2";"3";"3";"2";"3";"4";"3";"2"
"244";244;"CAR(H)";"ARS(A)";"FUL(H)";"WAT(A)";"EVE(H)";"BUR(A)";"BOU(A)";"MUN(H)";"WOL(A)";"NEW(H)";"2";"4";"2";"3";"3";"2";"3";"4";"3";"2"
"245";245;"CAR(H)";"ARS(A)";"FUL(H)";"WAT(A)";"EVE(H)";"BUR(A)";"BOU(A)";"MUN(H)";"WOL(A)";"NEW(H)";"2";"4";"2";"3";"3";"2";"3";"4";"3";"2"
"246";246;"CAR(H)";"ARS(A)";"FUL(H)";"WAT(A)";"EVE(H)";"BUR(A)";"BOU(A)";"MUN(H)";"WOL(A)";"NEW(H)";"2";"4";"2";"3";"3";"2";"3";"4";"3";"2"
"247";247;"CAR(H)";"ARS(A)";"FUL(H)";"WAT(A)";"EVE(H)";"BUR(A)";"BOU(A)";"MUN(H)";"WOL(A)";"NEW(H)";"2";"4";"2";"3";"3";"2";"3";"4";"3";"2"
"248";248;"CAR(H)";"ARS(A)";"FUL(H)";"WAT(A)";"EVE(H)";"BUR(A)";"BOU(A)";"MUN(H)";"WOL(A)";"NEW(H)";"2";"4";"2";"3";"3";"2";"3";"4";"3";"2"
"249";249;"CAR(H)";"ARS(A)";"FUL(H)";"WAT(A)";"EVE(H)";"BUR(A)";"BOU(A)";"MUN(H)";"WOL(A)";"NEW(H)";"2";"4";"2";"3";"3";"2";"3";"4";"3";"2"
"250";250;"CAR(H)";"ARS(A)";"FUL(H)";"WAT(A)";"EVE(H)";"BUR(A)";"BOU(A)";"MUN(H)";"WOL(A)";"NEW(H)";"2";"4";"2";"3";"3";"2";"3";"4";"3";"2"
"251";251;"CAR(H)";"ARS(A)";"FUL(H)";"WAT(A)";"EVE(H)";"BUR(A)";"BOU(A)";"MUN(H)";"WOL(A)";"NEW(H)";"2";"4";"2";"3";"3";"2";"3";"4";"3";"2"
"252";252;"CAR(H)";"ARS(A)";"FUL(H)";"WAT(A)";"EVE(H)";"BUR(A)";"BOU(A)";"MUN(H)";"WOL(A)";"NEW(H)";"2";"4";"2";"3";"3";"2";"3";"4";"3";"2"
"253";253;"CAR(H)";"ARS(A)";"FUL(H)";"WAT(A)";"EVE(H)";"BUR(A)";"BOU(A)";"MUN(H)";"WOL(A)";"NEW(H)";"2";"4";"2";"3";"3";"2";"3";"4";"3";"2"
"254";254;"CAR(H)";"ARS(A)";"FUL(H)";"WAT(A)";"EVE(H)";"BUR(A)";"BOU(A)";"MUN(H)";"WOL(A)";"NEW(H)";"2";"4";"2";"3";"3";"2";"3";"4";"3";"2"
"255";255;"CAR(H)";"ARS(A)";"FUL(H)";"WAT(A)";"EVE(H)";"BUR(A)";"BOU(A)";"MUN(H)";"WOL(A)";"NEW(H)";"2";"4";"2";"3";"3";"2";"3";"4";"3";"2"
"256";256;"CAR(H)";"ARS(A)";"FUL(H)";"WAT(A)";"EVE(H)";"BUR(A)";"BOU(A)";"MUN(H)";"WOL(A)";"NEW(H)";"2";"4";"2";"3";"3";"2";"3";"4";"3";"2"
"257";257;"CAR(H)";"ARS(A)";"FUL(H)";"WAT(A)";"EVE(H)";"BUR(A)";"BOU(A)";"MUN(H)";"WOL(A)";"NEW(H)";"2";"4";"2";"3";"3";"2";"3";"4";"3";"2"
"258";258;"NEW(H)";"MCI(A)";"WAT(H)";"FUL(A)";"MUN(H)";"TOT(A)";"CAR(A)";"ARS(H)";"HUD(A)";"WHU(H)";"2";"5";"3";"2";"4";"4";"2";"4";"2";"2"
"259";259;"CAR(H)";"ARS(A)";"FUL(H)";"WAT(A)";"EVE(H)";"BUR(A)";"BOU(A)";"MUN(H)";"WOL(A)";"NEW(H)";"2";"4";"2";"3";"3";"2";"3";"4";"3";"2"
"260";260;"TOT(A)";"SOU(H)";"MUN(H)";"WHU(A)";"BOU(H)";"WAT(A)";"CHE(A)";"EVE(H)";"CRY(H)";"LEI(A)";"4";"2";"4";"3";"3";"3";"4";"3";"2";"3"
"261";261;"TOT(A)";"SOU(H)";"MUN(H)";"WHU(A)";"BOU(H)";"WAT(A)";"CHE(A)";"EVE(H)";"CRY(H)";"LEI(A)";"4";"2";"4";"3";"3";"3";"4";"3";"2";"3"
"262";262;"TOT(A)";"SOU(H)";"MUN(H)";"WHU(A)";"BOU(H)";"WAT(A)";"CHE(A)";"EVE(H)";"CRY(H)";"LEI(A)";"4";"2";"4";"3";"3";"3";"4";"3";"2";"3"
"263";263;"TOT(A)";"SOU(H)";"MUN(H)";"WHU(A)";"BOU(H)";"WAT(A)";"CHE(A)";"EVE(H)";"CRY(H)";"LEI(A)";"4";"2";"4";"3";"3";"3";"4";"3";"2";"3"
"264";264;"TOT(A)";"SOU(H)";"MUN(H)";"WHU(A)";"BOU(H)";"WAT(A)";"CHE(A)";"EVE(H)";"CRY(H)";"LEI(A)";"4";"2";"4";"3";"3";"3";"4";"3";"2";"3"
"265";265;"TOT(A)";"SOU(H)";"MUN(H)";"WHU(A)";"BOU(H)";"WAT(A)";"CHE(A)";"EVE(H)";"CRY(H)";"LEI(A)";"4";"2";"4";"3";"3";"3";"4";"3";"2";"3"
"266";266;"TOT(A)";"SOU(H)";"MUN(H)";"WHU(A)";"BOU(H)";"WAT(A)";"CHE(A)";"EVE(H)";"CRY(H)";"LEI(A)";"4";"2";"4";"3";"3";"3";"4";"3";"2";"3"
"267";267;"TOT(A)";"SOU(H)";"MUN(H)";"WHU(A)";"BOU(H)";"WAT(A)";"CHE(A)";"EVE(H)";"CRY(H)";"LEI(A)";"4";"2";"4";"3";"3";"3";"4";"3";"2";"3"
"268";268;"TOT(A)";"SOU(H)";"MUN(H)";"WHU(A)";"BOU(H)";"WAT(A)";"CHE(A)";"EVE(H)";"CRY(H)";"LEI(A)";"4";"2";"4";"3";"3";"3";"4";"3";"2";"3"
"269";269;"TOT(A)";"SOU(H)";"MUN(H)";"WHU(A)";"BOU(H)";"WAT(A)";"CHE(A)";"EVE(H)";"CRY(H)";"LEI(A)";"4";"2";"4";"3";"3";"3";"4";"3";"2";"3"
"270";270;"TOT(A)";"SOU(H)";"MUN(H)";"WHU(A)";"BOU(H)";"WAT(A)";"CHE(A)";"EVE(H)";"CRY(H)";"LEI(A)";"4";"2";"4";"3";"3";"3";"4";"3";"2";"3"
"271";271;"TOT(A)";"SOU(H)";"MUN(H)";"WHU(A)";"BOU(H)";"WAT(A)";"CHE(A)";"EVE(H)";"CRY(H)";"LEI(A)";"4";"2";"4";"3";"3";"3";"4";"3";"2";"3"
"272";272;"TOT(A)";"SOU(H)";"MUN(H)";"WHU(A)";"BOU(H)";"WAT(A)";"CHE(A)";"EVE(H)";"CRY(H)";"LEI(A)";"4";"2";"4";"3";"3";"3";"4";"3";"2";"3"
"273";273;"TOT(A)";"SOU(H)";"MUN(H)";"WHU(A)";"BOU(H)";"WAT(A)";"CHE(A)";"EVE(H)";"CRY(H)";"LEI(A)";"4";"2";"4";"3";"3";"3";"4";"3";"2";"3"
"274";274;"TOT(A)";"SOU(H)";"MUN(H)";"WHU(A)";"BOU(H)";"WAT(A)";"CHE(A)";"EVE(H)";"CRY(H)";"LEI(A)";"4";"2";"4";"3";"3";"3";"4";"3";"2";"3"
"275";275;"TOT(A)";"SOU(H)";"MUN(H)";"WHU(A)";"BOU(H)";"WAT(A)";"CHE(A)";"EVE(H)";"CRY(H)";"LEI(A)";"4";"2";"4";"3";"3";"3";"4";"3";"2";"3"
"276";276;"TOT(A)";"SOU(H)";"MUN(H)";"WHU(A)";"BOU(H)";"WAT(A)";"CHE(A)";"EVE(H)";"CRY(H)";"LEI(A)";"4";"2";"4";"3";"3";"3";"4";"3";"2";"3"
"277";277;"TOT(A)";"SOU(H)";"MUN(H)";"WHU(A)";"BOU(H)";"WAT(A)";"CHE(A)";"EVE(H)";"CRY(H)";"LEI(A)";"4";"2";"4";"3";"3";"3";"4";"3";"2";"3"
"278";278;"TOT(A)";"SOU(H)";"MUN(H)";"WHU(A)";"BOU(H)";"WAT(A)";"CHE(A)";"EVE(H)";"CRY(H)";"LEI(A)";"4";"2";"4";"3";"3";"3";"4";"3";"2";"3"
"279";279;"TOT(A)";"SOU(H)";"MUN(H)";"WHU(A)";"BOU(H)";"WAT(A)";"CHE(A)";"EVE(H)";"CRY(H)";"LEI(A)";"4";"2";"4";"3";"3";"3";"4";"3";"2";"3"
"280";280;"TOT(A)";"SOU(H)";"MUN(H)";"WHU(A)";"BOU(H)";"WAT(A)";"CHE(A)";"EVE(H)";"CRY(H)";"LEI(A)";"4";"2";"4";"3";"3";"3";"4";"3";"2";"3"
"281";281;"TOT(A)";"SOU(H)";"MUN(H)";"WHU(A)";"BOU(H)";"WAT(A)";"CHE(A)";"EVE(H)";"CRY(H)";"LEI(A)";"4";"2";"4";"3";"3";"3";"4";"3";"2";"3"
"282";282;"EVE(H)";"BOU(A)";"MCI(A)";"CRY(H)";"SOU(A)";"ARS(H)";"FUL(H)";"LIV(A)";"CAR(A)";"HUD(H)";"3";"3";"5";"2";"2";"4";"2";"5";"2";"2"
"283";283;"EVE(H)";"BOU(A)";"MCI(A)";"CRY(H)";"SOU(A)";"ARS(H)";"FUL(H)";"LIV(A)";"CAR(A)";"HUD(H)";"3";"3";"5";"2";"2";"4";"2";"5";"2";"2"
"284";284;"EVE(H)";"BOU(A)";"MCI(A)";"CRY(H)";"SOU(A)";"ARS(H)";"FUL(H)";"LIV(A)";"CAR(A)";"HUD(H)";"3";"3";"5";"2";"2";"4";"2";"5";"2";"2"
"285";285;"EVE(H)";"BOU(A)";"MCI(A)";"CRY(H)";"SOU(A)";"ARS(H)";"FUL(H)";"LIV(A)";"CAR(A)";"HUD(H)";"3";"3";"5";"2";"2";"4";"2";"5";"2";"2"
"286";286;"EVE(H)";"BOU(A)";"MCI(A)";"CRY(H)";"SOU(A)";"ARS(H)";"FUL(H)";"LIV(A)";"CAR(A)";"HUD(H)";"3";"3";"5";"2";"2";"4";"2";"5";"2";"2"
"287";287;"EVE(H)";"BOU(A)";"MCI(A)";"CRY(H)";"SOU(A)";"ARS(H)";"FUL(H)";"LIV(A)";"CAR(A)";"HUD(H)";"3";"3";"5";"2";"2";"4";"2";"5";"2";"2"
"288";288;"EVE(H)";"BOU(A)";"MCI(A)";"CRY(H)";"SOU(A)";"ARS(H)";"FUL(H)";"LIV(A)";"CAR(A)";"HUD(H)";"3";"3";"5";"2";"2";"4";"2";"5";"2";"2"
"289";289;"EVE(H)";"BOU(A)";"MCI(A)";"CRY(H)";"SOU(A)";"ARS(H)";"FUL(H)";"LIV(A)";"CAR(A)";"HUD(H)";"3";"3";"5";"2";"2";"4";"2";"5";"2";"2"
"290";290;"EVE(H)";"BOU(A)";"MCI(A)";"CRY(H)";"SOU(A)";"ARS(H)";"FUL(H)";"LIV(A)";"CAR(A)";"HUD(H)";"3";"3";"5";"2";"2";"4";"2";"5";"2";"2"
"291";291;"EVE(H)";"BOU(A)";"MCI(A)";"CRY(H)";"SOU(A)";"ARS(H)";"FUL(H)";"LIV(A)";"CAR(A)";"HUD(H)";"3";"3";"5";"2";"2";"4";"2";"5";"2";"2"
"292";292;"EVE(H)";"BOU(A)";"MCI(A)";"CRY(H)";"SOU(A)";"ARS(H)";"FUL(H)";"LIV(A)";"CAR(A)";"HUD(H)";"3";"3";"5";"2";"2";"4";"2";"5";"2";"2"
"293";293;"EVE(H)";"BOU(A)";"MCI(A)";"CRY(H)";"SOU(A)";"ARS(H)";"FUL(H)";"LIV(A)";"CAR(A)";"HUD(H)";"3";"3";"5";"2";"2";"4";"2";"5";"2";"2"
"294";294;"EVE(H)";"BOU(A)";"MCI(A)";"CRY(H)";"SOU(A)";"ARS(H)";"FUL(H)";"LIV(A)";"CAR(A)";"HUD(H)";"3";"3";"5";"2";"2";"4";"2";"5";"2";"2"
"295";295;"EVE(H)";"BOU(A)";"MCI(A)";"CRY(H)";"SOU(A)";"ARS(H)";"FUL(H)";"LIV(A)";"CAR(A)";"HUD(H)";"3";"3";"5";"2";"2";"4";"2";"5";"2";"2"
"296";296;"EVE(H)";"BOU(A)";"MCI(A)";"CRY(H)";"SOU(A)";"ARS(H)";"FUL(H)";"LIV(A)";"CAR(A)";"HUD(H)";"3";"3";"5";"2";"2";"4";"2";"5";"2";"2"
"297";297;"EVE(H)";"BOU(A)";"MCI(A)";"CRY(H)";"SOU(A)";"ARS(H)";"FUL(H)";"LIV(A)";"CAR(A)";"HUD(H)";"3";"3";"5";"2";"2";"4";"2";"5";"2";"2"
"298";298;"EVE(H)";"BOU(A)";"MCI(A)";"CRY(H)";"SOU(A)";"ARS(H)";"FUL(H)";"LIV(A)";"CAR(A)";"HUD(H)";"3";"3";"5";"2";"2";"4";"2";"5";"2";"2"
"299";299;"EVE(H)";"BOU(A)";"MCI(A)";"CRY(H)";"SOU(A)";"ARS(H)";"FUL(H)";"LIV(A)";"CAR(A)";"HUD(H)";"3";"3";"5";"2";"2";"4";"2";"5";"2";"2"
"300";300;"EVE(H)";"BOU(A)";"MCI(A)";"CRY(H)";"SOU(A)";"ARS(H)";"FUL(H)";"LIV(A)";"CAR(A)";"HUD(H)";"3";"3";"5";"2";"2";"4";"2";"5";"2";"2"
"301";301;"EVE(H)";"BOU(A)";"MCI(A)";"CRY(H)";"SOU(A)";"ARS(H)";"FUL(H)";"LIV(A)";"CAR(A)";"HUD(H)";"3";"3";"5";"2";"2";"4";"2";"5";"2";"2"
"302";302;"EVE(H)";"BOU(A)";"MCI(A)";"CRY(H)";"SOU(A)";"ARS(H)";"FUL(H)";"LIV(A)";"CAR(A)";"HUD(H)";"3";"3";"5";"2";"2";"4";"2";"5";"2";"2"
"303";303;"EVE(H)";"BOU(A)";"MCI(A)";"CRY(H)";"SOU(A)";"ARS(H)";"FUL(H)";"LIV(A)";"CAR(A)";"HUD(H)";"3";"3";"5";"2";"2";"4";"2";"5";"2";"2"
"304";304;"EVE(H)";"BOU(A)";"MCI(A)";"CRY(H)";"SOU(A)";"ARS(H)";"FUL(H)";"LIV(A)";"CAR(A)";"HUD(H)";"3";"3";"5";"2";"2";"4";"2";"5";"2";"2"
"305";305;"EVE(H)";"BOU(A)";"MCI(A)";"CRY(H)";"SOU(A)";"ARS(H)";"FUL(H)";"LIV(A)";"CAR(A)";"HUD(H)";"3";"3";"5";"2";"2";"4";"2";"5";"2";"2"
"306";306;"EVE(H)";"BOU(A)";"MCI(A)";"CRY(H)";"SOU(A)";"ARS(H)";"FUL(H)";"LIV(A)";"CAR(A)";"HUD(H)";"3";"3";"5";"2";"2";"4";"2";"5";"2";"2"
"307";307;"SOU(A)";"WAT(H)";"BOU(H)";"BUR(A)";"WHU(H)";"EVE(A)";"WOL(H)";"HUD(A)";"FUL(H)";"LIV(A)";"2";"3";"3";"2";"2";"3";"3";"2";"2";"5"
"308";308;"SOU(A)";"WAT(H)";"BOU(H)";"BUR(A)";"WHU(H)";"EVE(A)";"WOL(H)";"HUD(A)";"FUL(H)";"LIV(A)";"2";"3";"3";"2";"2";"3";"3";"2";"2";"5"
"309";309;"SOU(A)";"WAT(H)";"BOU(H)";"BUR(A)";"WHU(H)";"EVE(A)";"WOL(H)";"HUD(A)";"FUL(H)";"LIV(A)";"2";"3";"3";"2";"2";"3";"3";"2";"2";"5"
"310";310;"SOU(A)";"WAT(H)";"BOU(H)";"BUR(A)";"WHU(H)";"EVE(A)";"WOL(H)";"HUD(A)";"FUL(H)";"LIV(A)";"2";"3";"3";"2";"2";"3";"3";"2";"2";"5"
"311";311;"SOU(A)";"WAT(H)";"BOU(H)";"BUR(A)";"WHU(H)";"EVE(A)";"WOL(H)";"HUD(A)";"FUL(H)";"LIV(A)";"2";"3";"3";"2";"2";"3";"3";"2";"2";"5"
"312";312;"SOU(A)";"WAT(H)";"BOU(H)";"BUR(A)";"WHU(H)";"EVE(A)";"WOL(H)";"HUD(A)";"FUL(H)";"LIV(A)";"2";"3";"3";"2";"2";"3";"3";"2";"2";"5"
"313";313;"SOU(A)";"WAT(H)";"BOU(H)";"BUR(A)";"WHU(H)";"EVE(A)";"WOL(H)";"HUD(A)";"FUL(H)";"LIV(A)";"2";"3";"3";"2";"2";"3";"3";"2";"2";"5"
"314";314;"SOU(A)";"WAT(H)";"BOU(H)";"BUR(A)";"WHU(H)";"EVE(A)";"WOL(H)";"HUD(A)";"FUL(H)";"LIV(A)";"2";"3";"3";"2";"2";"3";"3";"2";"2";"5"
"315";315;"SOU(A)";"WAT(H)";"BOU(H)";"BUR(A)";"WHU(H)";"EVE(A)";"WOL(H)";"HUD(A)";"FUL(H)";"LIV(A)";"2";"3";"3";"2";"2";"3";"3";"2";"2";"5"
"316";316;"SOU(A)";"WAT(H)";"BOU(H)";"BUR(A)";"WHU(H)";"EVE(A)";"WOL(H)";"HUD(A)";"FUL(H)";"LIV(A)";"2";"3";"3";"2";"2";"3";"3";"2";"2";"5"
"317";317;"SOU(A)";"WAT(H)";"BOU(H)";"BUR(A)";"WHU(H)";"EVE(A)";"WOL(H)";"HUD(A)";"FUL(H)";"LIV(A)";"2";"3";"3";"2";"2";"3";"3";"2";"2";"5"
"318";318;"SOU(A)";"WAT(H)";"BOU(H)";"BUR(A)";"WHU(H)";"EVE(A)";"WOL(H)";"HUD(A)";"FUL(H)";"LIV(A)";"2";"3";"3";"2";"2";"3";"3";"2";"2";"5"
"319";319;"SOU(A)";"WAT(H)";"BOU(H)";"BUR(A)";"WHU(H)";"EVE(A)";"WOL(H)";"HUD(A)";"FUL(H)";"LIV(A)";"2";"3";"3";"2";"2";"3";"3";"2";"2";"5"
"320";320;"SOU(A)";"WAT(H)";"BOU(H)";"BUR(A)";"WHU(H)";"EVE(A)";"WOL(H)";"HUD(A)";"FUL(H)";"LIV(A)";"2";"3";"3";"2";"2";"3";"3";"2";"2";"5"
"321";321;"SOU(A)";"WAT(H)";"BOU(H)";"BUR(A)";"WHU(H)";"EVE(A)";"WOL(H)";"HUD(A)";"FUL(H)";"LIV(A)";"2";"3";"3";"2";"2";"3";"3";"2";"2";"5"
"322";322;"SOU(A)";"WAT(H)";"BOU(H)";"BUR(A)";"WHU(H)";"EVE(A)";"WOL(H)";"HUD(A)";"FUL(H)";"LIV(A)";"2";"3";"3";"2";"2";"3";"3";"2";"2";"5"
"323";323;"SOU(A)";"WAT(H)";"BOU(H)";"BUR(A)";"WHU(H)";"EVE(A)";"WOL(H)";"HUD(A)";"FUL(H)";"LIV(A)";"2";"3";"3";"2";"2";"3";"3";"2";"2";"5"
"324";324;"SOU(A)";"WAT(H)";"BOU(H)";"BUR(A)";"WHU(H)";"EVE(A)";"WOL(H)";"HUD(A)";"FUL(H)";"LIV(A)";"2";"3";"3";"2";"2";"3";"3";"2";"2";"5"
"325";325;"SOU(A)";"WAT(H)";"BOU(H)";"BUR(A)";"WHU(H)";"EVE(A)";"WOL(H)";"HUD(A)";"FUL(H)";"LIV(A)";"2";"3";"3";"2";"2";"3";"3";"2";"2";"5"
"326";326;"SOU(A)";"WAT(H)";"BOU(H)";"BUR(A)";"WHU(H)";"EVE(A)";"WOL(H)";"HUD(A)";"FUL(H)";"LIV(A)";"2";"3";"3";"2";"2";"3";"3";"2";"2";"5"
"327";327;"SOU(A)";"WAT(H)";"BOU(H)";"BUR(A)";"WHU(H)";"EVE(A)";"WOL(H)";"HUD(A)";"FUL(H)";"LIV(A)";"2";"3";"3";"2";"2";"3";"3";"2";"2";"5"
"328";328;"NEW(H)";"MCI(A)";"WAT(H)";"FUL(A)";"MUN(H)";"TOT(A)";"CAR(A)";"ARS(H)";"HUD(A)";"WHU(H)";"2";"5";"3";"2";"4";"4";"2";"4";"2";"2"
"329";329;"NEW(H)";"MCI(A)";"WAT(H)";"FUL(A)";"MUN(H)";"TOT(A)";"CAR(A)";"ARS(H)";"HUD(A)";"WHU(H)";"2";"5";"3";"2";"4";"4";"2";"4";"2";"2"
"330";330;"NEW(H)";"MCI(A)";"WAT(H)";"FUL(A)";"MUN(H)";"TOT(A)";"CAR(A)";"ARS(H)";"HUD(A)";"WHU(H)";"2";"5";"3";"2";"4";"4";"2";"4";"2";"2"
"331";331;"NEW(H)";"MCI(A)";"WAT(H)";"FUL(A)";"MUN(H)";"TOT(A)";"CAR(A)";"ARS(H)";"HUD(A)";"WHU(H)";"2";"5";"3";"2";"4";"4";"2";"4";"2";"2"
"332";332;"NEW(H)";"MCI(A)";"WAT(H)";"FUL(A)";"MUN(H)";"TOT(A)";"CAR(A)";"ARS(H)";"HUD(A)";"WHU(H)";"2";"5";"3";"2";"4";"4";"2";"4";"2";"2"
"333";333;"NEW(H)";"MCI(A)";"WAT(H)";"FUL(A)";"MUN(H)";"TOT(A)";"CAR(A)";"ARS(H)";"HUD(A)";"WHU(H)";"2";"5";"3";"2";"4";"4";"2";"4";"2";"2"
"334";334;"NEW(H)";"MCI(A)";"WAT(H)";"FUL(A)";"MUN(H)";"TOT(A)";"CAR(A)";"ARS(H)";"HUD(A)";"WHU(H)";"2";"5";"3";"2";"4";"4";"2";"4";"2";"2"
"335";335;"NEW(H)";"MCI(A)";"WAT(H)";"FUL(A)";"MUN(H)";"TOT(A)";"CAR(A)";"ARS(H)";"HUD(A)";"WHU(H)";"2";"5";"3";"2";"4";"4";"2";"4";"2";"2"
"336";336;"NEW(H)";"MCI(A)";"WAT(H)";"FUL(A)";"MUN(H)";"TOT(A)";"CAR(A)";"ARS(H)";"HUD(A)";"WHU(H)";"2";"5";"3";"2";"4";"4";"2";"4";"2";"2"
"337";337;"NEW(H)";"MCI(A)";"WAT(H)";"FUL(A)";"MUN(H)";"TOT(A)";"CAR(A)";"ARS(H)";"HUD(A)";"WHU(H)";"2";"5";"3";"2";"4";"4";"2";"4";"2";"2"
"338";338;"NEW(H)";"MCI(A)";"WAT(H)";"FUL(A)";"MUN(H)";"TOT(A)";"CAR(A)";"ARS(H)";"HUD(A)";"WHU(H)";"2";"5";"3";"2";"4";"4";"2";"4";"2";"2"
"339";339;"NEW(H)";"MCI(A)";"WAT(H)";"FUL(A)";"MUN(H)";"TOT(A)";"CAR(A)";"ARS(H)";"HUD(A)";"WHU(H)";"2";"5";"3";"2";"4";"4";"2";"4";"2";"2"
"340";340;"NEW(H)";"MCI(A)";"WAT(H)";"FUL(A)";"MUN(H)";"TOT(A)";"CAR(A)";"ARS(H)";"HUD(A)";"WHU(H)";"2";"5";"3";"2";"4";"4";"2";"4";"2";"2"
"341";341;"NEW(H)";"MCI(A)";"WAT(H)";"FUL(A)";"MUN(H)";"TOT(A)";"CAR(A)";"ARS(H)";"HUD(A)";"WHU(H)";"2";"5";"3";"2";"4";"4";"2";"4";"2";"2"
"342";342;"NEW(H)";"MCI(A)";"WAT(H)";"FUL(A)";"MUN(H)";"TOT(A)";"CAR(A)";"ARS(H)";"HUD(A)";"WHU(H)";"2";"5";"3";"2";"4";"4";"2";"4";"2";"2"
"343";343;"NEW(H)";"MCI(A)";"WAT(H)";"FUL(A)";"MUN(H)";"TOT(A)";"CAR(A)";"ARS(H)";"HUD(A)";"WHU(H)";"2";"5";"3";"2";"4";"4";"2";"4";"2";"2"
"344";344;"NEW(H)";"MCI(A)";"WAT(H)";"FUL(A)";"MUN(H)";"TOT(A)";"CAR(A)";"ARS(H)";"HUD(A)";"WHU(H)";"2";"5";"3";"2";"4";"4";"2";"4";"2";"2"
"345";345;"NEW(H)";"MCI(A)";"WAT(H)";"FUL(A)";"MUN(H)";"TOT(A)";"CAR(A)";"ARS(H)";"HUD(A)";"WHU(H)";"2";"5";"3";"2";"4";"4";"2";"4";"2";"2"
"346";346;"NEW(H)";"MCI(A)";"WAT(H)";"FUL(A)";"MUN(H)";"TOT(A)";"CAR(A)";"ARS(H)";"HUD(A)";"WHU(H)";"2";"5";"3";"2";"4";"4";"2";"4";"2";"2"
"347";347;"NEW(H)";"MCI(A)";"WAT(H)";"FUL(A)";"MUN(H)";"TOT(A)";"CAR(A)";"ARS(H)";"HUD(A)";"WHU(H)";"2";"5";"3";"2";"4";"4";"2";"4";"2";"2"
"348";348;"NEW(H)";"MCI(A)";"WAT(H)";"FUL(A)";"MUN(H)";"TOT(A)";"CAR(A)";"ARS(H)";"HUD(A)";"WHU(H)";"2";"5";"3";"2";"4";"4";"2";"4";"2";"2"
"349";349;"NEW(H)";"MCI(A)";"WAT(H)";"FUL(A)";"MUN(H)";"TOT(A)";"CAR(A)";"ARS(H)";"HUD(A)";"WHU(H)";"2";"5";"3";"2";"4";"4";"2";"4";"2";"2"
"350";350;"NEW(H)";"MCI(A)";"WAT(H)";"FUL(A)";"MUN(H)";"TOT(A)";"CAR(A)";"ARS(H)";"HUD(A)";"WHU(H)";"2";"5";"3";"2";"4";"4";"2";"4";"2";"2"
"351";351;"MCI(H)";"WOL(A)";"CRY(A)";"CHE(H)";"ARS(A)";"SOU(H)";"LEI(A)";"BUR(H)";"EVE(A)";"BOU(H)";"5";"3";"2";"4";"4";"2";"3";"2";"3";"3"
"352";352;"MCI(H)";"WOL(A)";"CRY(A)";"CHE(H)";"ARS(A)";"SOU(H)";"LEI(A)";"BUR(H)";"EVE(A)";"BOU(H)";"5";"3";"2";"4";"4";"2";"3";"2";"3";"3"
"353";353;"MCI(H)";"WOL(A)";"CRY(A)";"CHE(H)";"ARS(A)";"SOU(H)";"LEI(A)";"BUR(H)";"EVE(A)";"BOU(H)";"5";"3";"2";"4";"4";"2";"3";"2";"3";"3"
"354";354;"MCI(H)";"WOL(A)";"CRY(A)";"CHE(H)";"ARS(A)";"SOU(H)";"LEI(A)";"BUR(H)";"EVE(A)";"BOU(H)";"5";"3";"2";"4";"4";"2";"3";"2";"3";"3"
"355";355;"MCI(H)";"WOL(A)";"CRY(A)";"CHE(H)";"ARS(A)";"SOU(H)";"LEI(A)";"BUR(H)";"EVE(A)";"BOU(H)";"5";"3";"2";"4";"4";"2";"3";"2";"3";"3"
"356";356;"MCI(H)";"WOL(A)";"CRY(A)";"CHE(H)";"ARS(A)";"SOU(H)";"LEI(A)";"BUR(H)";"EVE(A)";"BOU(H)";"5";"3";"2";"4";"4";"2";"3";"2";"3";"3"
"357";357;"MCI(H)";"WOL(A)";"CRY(A)";"CHE(H)";"ARS(A)";"SOU(H)";"LEI(A)";"BUR(H)";"EVE(A)";"BOU(H)";"5";"3";"2";"4";"4";"2";"3";"2";"3";"3"
"358";358;"MCI(H)";"WOL(A)";"CRY(A)";"CHE(H)";"ARS(A)";"SOU(H)";"LEI(A)";"BUR(H)";"EVE(A)";"BOU(H)";"5";"3";"2";"4";"4";"2";"3";"2";"3";"3"
"359";359;"MCI(H)";"WOL(A)";"CRY(A)";"CHE(H)";"ARS(A)";"SOU(H)";"LEI(A)";"BUR(H)";"EVE(A)";"BOU(H)";"5";"3";"2";"4";"4";"2";"3";"2";"3";"3"
"360";360;"MCI(H)";"WOL(A)";"CRY(A)";"CHE(H)";"ARS(A)";"SOU(H)";"LEI(A)";"BUR(H)";"EVE(A)";"BOU(H)";"5";"3";"2";"4";"4";"2";"3";"2";"3";"3"
"361";361;"MCI(H)";"WOL(A)";"CRY(A)";"CHE(H)";"ARS(A)";"SOU(H)";"LEI(A)";"BUR(H)";"EVE(A)";"BOU(H)";"5";"3";"2";"4";"4";"2";"3";"2";"3";"3"
"362";362;"MCI(H)";"WOL(A)";"CRY(A)";"CHE(H)";"ARS(A)";"SOU(H)";"LEI(A)";"BUR(H)";"EVE(A)";"BOU(H)";"5";"3";"2";"4";"4";"2";"3";"2";"3";"3"
"363";363;"MCI(H)";"WOL(A)";"CRY(A)";"CHE(H)";"ARS(A)";"SOU(H)";"LEI(A)";"BUR(H)";"EVE(A)";"BOU(H)";"5";"3";"2";"4";"4";"2";"3";"2";"3";"3"
"364";364;"MCI(H)";"WOL(A)";"CRY(A)";"CHE(H)";"ARS(A)";"SOU(H)";"LEI(A)";"BUR(H)";"EVE(A)";"BOU(H)";"5";"3";"2";"4";"4";"2";"3";"2";"3";"3"
"365";365;"MCI(H)";"WOL(A)";"CRY(A)";"CHE(H)";"ARS(A)";"SOU(H)";"LEI(A)";"BUR(H)";"EVE(A)";"BOU(H)";"5";"3";"2";"4";"4";"2";"3";"2";"3";"3"
"366";366;"MCI(H)";"WOL(A)";"CRY(A)";"CHE(H)";"ARS(A)";"SOU(H)";"LEI(A)";"BUR(H)";"EVE(A)";"BOU(H)";"5";"3";"2";"4";"4";"2";"3";"2";"3";"3"
"367";367;"MCI(H)";"WOL(A)";"CRY(A)";"CHE(H)";"ARS(A)";"SOU(H)";"LEI(A)";"BUR(H)";"EVE(A)";"BOU(H)";"5";"3";"2";"4";"4";"2";"3";"2";"3";"3"
"368";368;"MCI(H)";"WOL(A)";"CRY(A)";"CHE(H)";"ARS(A)";"SOU(H)";"LEI(A)";"BUR(H)";"EVE(A)";"BOU(H)";"5";"3";"2";"4";"4";"2";"3";"2";"3";"3"
"369";369;"MCI(H)";"WOL(A)";"CRY(A)";"CHE(H)";"ARS(A)";"SOU(H)";"LEI(A)";"BUR(H)";"EVE(A)";"BOU(H)";"5";"3";"2";"4";"4";"2";"3";"2";"3";"3"
"370";370;"MCI(H)";"WOL(A)";"CRY(A)";"CHE(H)";"ARS(A)";"SOU(H)";"LEI(A)";"BUR(H)";"EVE(A)";"BOU(H)";"5";"3";"2";"4";"4";"2";"3";"2";"3";"3"
"371";371;"MCI(H)";"WOL(A)";"CRY(A)";"CHE(H)";"ARS(A)";"SOU(H)";"LEI(A)";"BUR(H)";"EVE(A)";"BOU(H)";"5";"3";"2";"4";"4";"2";"3";"2";"3";"3"
"372";372;"MCI(H)";"WOL(A)";"CRY(A)";"CHE(H)";"ARS(A)";"SOU(H)";"LEI(A)";"BUR(H)";"EVE(A)";"BOU(H)";"5";"3";"2";"4";"4";"2";"3";"2";"3";"3"
"373";373;"HUD(H)";"NEW(A)";"SOU(A)";"LIV(H)";"LEI(A)";"MCI(H)";"EVE(A)";"CAR(H)";"WHU(A)";"CHE(H)";"2";"2";"2";"4";"3";"5";"3";"2";"3";"4"
"374";374;"HUD(H)";"NEW(A)";"SOU(A)";"LIV(H)";"LEI(A)";"MCI(H)";"EVE(A)";"CAR(H)";"WHU(A)";"CHE(H)";"2";"2";"2";"4";"3";"5";"3";"2";"3";"4"
"375";375;"HUD(H)";"NEW(A)";"SOU(A)";"LIV(H)";"LEI(A)";"MCI(H)";"EVE(A)";"CAR(H)";"WHU(A)";"CHE(H)";"2";"2";"2";"4";"3";"5";"3";"2";"3";"4"
"376";376;"HUD(H)";"NEW(A)";"SOU(A)";"LIV(H)";"LEI(A)";"MCI(H)";"EVE(A)";"CAR(H)";"WHU(A)";"CHE(H)";"2";"2";"2";"4";"3";"5";"3";"2";"3";"4"
"377";377;"HUD(H)";"NEW(A)";"SOU(A)";"LIV(H)";"LEI(A)";"MCI(H)";"EVE(A)";"CAR(H)";"WHU(A)";"CHE(H)";"2";"2";"2";"4";"3";"5";"3";"2";"3";"4"
"378";378;"HUD(H)";"NEW(A)";"SOU(A)";"LIV(H)";"LEI(A)";"MCI(H)";"EVE(A)";"CAR(H)";"WHU(A)";"CHE(H)";"2";"2";"2";"4";"3";"5";"3";"2";"3";"4"
"379";379;"HUD(H)";"NEW(A)";"SOU(A)";"LIV(H)";"LEI(A)";"MCI(H)";"EVE(A)";"CAR(H)";"WHU(A)";"CHE(H)";"2";"2";"2";"4";"3";"5";"3";"2";"3";"4"
"380";380;"HUD(H)";"NEW(A)";"SOU(A)";"LIV(H)";"LEI(A)";"MCI(H)";"EVE(A)";"CAR(H)";"WHU(A)";"CHE(H)";"2";"2";"2";"4";"3";"5";"3";"2";"3";"4"
"381";381;"HUD(H)";"NEW(A)";"SOU(A)";"LIV(H)";"LEI(A)";"MCI(H)";"EVE(A)";"CAR(H)";"WHU(A)";"CHE(H)";"2";"2";"2";"4";"3";"5";"3";"2";"3";"4"
"382";382;"HUD(H)";"NEW(A)";"SOU(A)";"LIV(H)";"LEI(A)";"MCI(H)";"EVE(A)";"CAR(H)";"WHU(A)";"CHE(H)";"2";"2";"2";"4";"3";"5";"3";"2";"3";"4"
"383";383;"HUD(H)";"NEW(A)";"SOU(A)";"LIV(H)";"LEI(A)";"MCI(H)";"EVE(A)";"CAR(H)";"WHU(A)";"CHE(H)";"2";"2";"2";"4";"3";"5";"3";"2";"3";"4"
"384";384;"HUD(H)";"NEW(A)";"SOU(A)";"LIV(H)";"LEI(A)";"MCI(H)";"EVE(A)";"CAR(H)";"WHU(A)";"CHE(H)";"2";"2";"2";"4";"3";"5";"3";"2";"3";"4"
"385";385;"HUD(H)";"NEW(A)";"SOU(A)";"LIV(H)";"LEI(A)";"MCI(H)";"EVE(A)";"CAR(H)";"WHU(A)";"CHE(H)";"2";"2";"2";"4";"3";"5";"3";"2";"3";"4"
"386";386;"HUD(H)";"NEW(A)";"SOU(A)";"LIV(H)";"LEI(A)";"MCI(H)";"EVE(A)";"CAR(H)";"WHU(A)";"CHE(H)";"2";"2";"2";"4";"3";"5";"3";"2";"3";"4"
"387";387;"HUD(H)";"NEW(A)";"SOU(A)";"LIV(H)";"LEI(A)";"MCI(H)";"EVE(A)";"CAR(H)";"WHU(A)";"CHE(H)";"2";"2";"2";"4";"3";"5";"3";"2";"3";"4"
"388";388;"HUD(H)";"NEW(A)";"SOU(A)";"LIV(H)";"LEI(A)";"MCI(H)";"EVE(A)";"CAR(H)";"WHU(A)";"CHE(H)";"2";"2";"2";"4";"3";"5";"3";"2";"3";"4"
"389";389;"HUD(H)";"NEW(A)";"SOU(A)";"LIV(H)";"LEI(A)";"MCI(H)";"EVE(A)";"CAR(H)";"WHU(A)";"CHE(H)";"2";"2";"2";"4";"3";"5";"3";"2";"3";"4"
"390";390;"HUD(H)";"NEW(A)";"SOU(A)";"LIV(H)";"LEI(A)";"MCI(H)";"EVE(A)";"CAR(H)";"WHU(A)";"CHE(H)";"2";"2";"2";"4";"3";"5";"3";"2";"3";"4"
"391";391;"HUD(H)";"NEW(A)";"SOU(A)";"LIV(H)";"LEI(A)";"MCI(H)";"EVE(A)";"CAR(H)";"WHU(A)";"CHE(H)";"2";"2";"2";"4";"3";"5";"3";"2";"3";"4"
"392";392;"HUD(H)";"NEW(A)";"SOU(A)";"LIV(H)";"LEI(A)";"MCI(H)";"EVE(A)";"CAR(H)";"WHU(A)";"CHE(H)";"2";"2";"2";"4";"3";"5";"3";"2";"3";"4"
"393";393;"MUN(A)";"BHA(H)";"CHE(A)";"CAR(H)";"LIV(A)";"NEW(H)";"WAT(H)";"MCI(A)";"TOT(H)";"BUR(A)";"4";"2";"4";"2";"5";"2";"3";"5";"4";"2"
"394";394;"HUD(H)";"NEW(A)";"SOU(A)";"LIV(H)";"LEI(A)";"MCI(H)";"EVE(A)";"CAR(H)";"WHU(A)";"CHE(H)";"2";"2";"2";"4";"3";"5";"3";"2";"3";"4"
"395";395;"HUD(H)";"NEW(A)";"SOU(A)";"LIV(H)";"LEI(A)";"MCI(H)";"EVE(A)";"CAR(H)";"WHU(A)";"CHE(H)";"2";"2";"2";"4";"3";"5";"3";"2";"3";"4"
"396";396;"HUD(H)";"NEW(A)";"SOU(A)";"LIV(H)";"LEI(A)";"MCI(H)";"EVE(A)";"CAR(H)";"WHU(A)";"CHE(H)";"2";"2";"2";"4";"3";"5";"3";"2";"3";"4"
"397";397;"HUD(H)";"NEW(A)";"SOU(A)";"LIV(H)";"LEI(A)";"MCI(H)";"EVE(A)";"CAR(H)";"WHU(A)";"CHE(H)";"2";"2";"2";"4";"3";"5";"3";"2";"3";"4"
"398";398;"HUD(H)";"NEW(A)";"SOU(A)";"LIV(H)";"LEI(A)";"MCI(H)";"EVE(A)";"CAR(H)";"WHU(A)";"CHE(H)";"2";"2";"2";"4";"3";"5";"3";"2";"3";"4"
"399";399;"LEI(A)";"BUR(H)";"HUD(A)";"MCI(H)";"NEW(A)";"CAR(H)";"CRY(H)";"FUL(A)";"WAT(H)";"SOU(A)";"3";"2";"2";"5";"2";"2";"2";"2";"3";"2"
"400";400;"LEI(A)";"BUR(H)";"HUD(A)";"MCI(H)";"NEW(A)";"CAR(H)";"CRY(H)";"FUL(A)";"WAT(H)";"SOU(A)";"3";"2";"2";"5";"2";"2";"2";"2";"3";"2"
"401";401;"LEI(A)";"BUR(H)";"HUD(A)";"MCI(H)";"NEW(A)";"CAR(H)";"CRY(H)";"FUL(A)";"WAT(H)";"SOU(A)";"3";"2";"2";"5";"2";"2";"2";"2";"3";"2"
"402";402;"LEI(A)";"BUR(H)";"HUD(A)";"MCI(H)";"NEW(A)";"CAR(H)";"CRY(H)";"FUL(A)";"WAT(H)";"SOU(A)";"3";"2";"2";"5";"2";"2";"2";"2";"3";"2"
"403";403;"LEI(A)";"BUR(H)";"HUD(A)";"MCI(H)";"NEW(A)";"CAR(H)";"CRY(H)";"FUL(A)";"WAT(H)";"SOU(A)";"3";"2";"2";"5";"2";"2";"2";"2";"3";"2"
"404";404;"LEI(A)";"BUR(H)";"HUD(A)";"MCI(H)";"NEW(A)";"CAR(H)";"CRY(H)";"FUL(A)";"WAT(H)";"SOU(A)";"3";"2";"2";"5";"2";"2";"2";"2";"3";"2"
"405";405;"LEI(A)";"BUR(H)";"HUD(A)";"MCI(H)";"NEW(A)";"CAR(H)";"CRY(H)";"FUL(A)";"WAT(H)";"SOU(A)";"3";"2";"2";"5";"2";"2";"2";"2";"3";"2"
"406";406;"LEI(A)";"BUR(H)";"HUD(A)";"MCI(H)";"NEW(A)";"CAR(H)";"CRY(H)";"FUL(A)";"WAT(H)";"SOU(A)";"3";"2";"2";"5";"2";"2";"2";"2";"3";"2"
"407";407;"LEI(A)";"BUR(H)";"HUD(A)";"MCI(H)";"NEW(A)";"CAR(H)";"CRY(H)";"FUL(A)";"WAT(H)";"SOU(A)";"3";"2";"2";"5";"2";"2";"2";"2";"3";"2"
"408";408;"LEI(A)";"BUR(H)";"HUD(A)";"MCI(H)";"NEW(A)";"CAR(H)";"CRY(H)";"FUL(A)";"WAT(H)";"SOU(A)";"3";"2";"2";"5";"2";"2";"2";"2";"3";"2"
"409";409;"LEI(A)";"BUR(H)";"HUD(A)";"MCI(H)";"NEW(A)";"CAR(H)";"CRY(H)";"FUL(A)";"WAT(H)";"SOU(A)";"3";"2";"2";"5";"2";"2";"2";"2";"3";"2"
"410";410;"LEI(A)";"BUR(H)";"HUD(A)";"MCI(H)";"NEW(A)";"CAR(H)";"CRY(H)";"FUL(A)";"WAT(H)";"SOU(A)";"3";"2";"2";"5";"2";"2";"2";"2";"3";"2"
"411";411;"LEI(A)";"BUR(H)";"HUD(A)";"MCI(H)";"NEW(A)";"CAR(H)";"CRY(H)";"FUL(A)";"WAT(H)";"SOU(A)";"3";"2";"2";"5";"2";"2";"2";"2";"3";"2"
"412";412;"ARS(H)";"CHE(A)";"TOT(H)";"MUN(A)";"BUR(H)";"BHA(A)";"WHU(A)";"LEI(H)";"MCI(A)";"CAR(H)";"4";"4";"4";"4";"2";"3";"3";"3";"5";"2"
"413";413;"LEI(A)";"BUR(H)";"HUD(A)";"MCI(H)";"NEW(A)";"CAR(H)";"CRY(H)";"FUL(A)";"WAT(H)";"SOU(A)";"3";"2";"2";"5";"2";"2";"2";"2";"3";"2"
"414";414;"LEI(A)";"BUR(H)";"HUD(A)";"MCI(H)";"NEW(A)";"CAR(H)";"CRY(H)";"FUL(A)";"WAT(H)";"SOU(A)";"3";"2";"2";"5";"2";"2";"2";"2";"3";"2"
"415";415;"LEI(A)";"BUR(H)";"HUD(A)";"MCI(H)";"NEW(A)";"CAR(H)";"CRY(H)";"FUL(A)";"WAT(H)";"SOU(A)";"3";"2";"2";"5";"2";"2";"2";"2";"3";"2"
"416";416;"LEI(A)";"BUR(H)";"HUD(A)";"MCI(H)";"NEW(A)";"CAR(H)";"CRY(H)";"FUL(A)";"WAT(H)";"SOU(A)";"3";"2";"2";"5";"2";"2";"2";"2";"3";"2"
"417";417;"LEI(A)";"BUR(H)";"HUD(A)";"MCI(H)";"NEW(A)";"CAR(H)";"CRY(H)";"FUL(A)";"WAT(H)";"SOU(A)";"3";"2";"2";"5";"2";"2";"2";"2";"3";"2"
"418";418;"LEI(A)";"BUR(H)";"HUD(A)";"MCI(H)";"NEW(A)";"CAR(H)";"CRY(H)";"FUL(A)";"WAT(H)";"SOU(A)";"3";"2";"2";"5";"2";"2";"2";"2";"3";"2"
"419";419;"LEI(A)";"BUR(H)";"HUD(A)";"MCI(H)";"NEW(A)";"CAR(H)";"CRY(H)";"FUL(A)";"WAT(H)";"SOU(A)";"3";"2";"2";"5";"2";"2";"2";"2";"3";"2"
"420";420;"LEI(A)";"BUR(H)";"HUD(A)";"MCI(H)";"NEW(A)";"CAR(H)";"CRY(H)";"FUL(A)";"WAT(H)";"SOU(A)";"3";"2";"2";"5";"2";"2";"2";"2";"3";"2"
"421";421;"BHA(A)";"TOT(H)";"ARS(A)";"HUD(H)";"CAR(A)";"CHE(H)";"NEW(A)";"BOU(H)";"LIV(H)";"FUL(A)";"3";"4";"4";"2";"2";"4";"2";"3";"4";"2"
"422";422;"BHA(A)";"TOT(H)";"ARS(A)";"HUD(H)";"CAR(A)";"CHE(H)";"NEW(A)";"BOU(H)";"LIV(H)";"FUL(A)";"3";"4";"4";"2";"2";"4";"2";"3";"4";"2"
"423";423;"BHA(A)";"TOT(H)";"ARS(A)";"HUD(H)";"CAR(A)";"CHE(H)";"NEW(A)";"BOU(H)";"LIV(H)";"FUL(A)";"3";"4";"4";"2";"2";"4";"2";"3";"4";"2"
"424";424;"BHA(A)";"TOT(H)";"ARS(A)";"HUD(H)";"CAR(A)";"CHE(H)";"NEW(A)";"BOU(H)";"LIV(H)";"FUL(A)";"3";"4";"4";"2";"2";"4";"2";"3";"4";"2"
"425";425;"BHA(A)";"TOT(H)";"ARS(A)";"HUD(H)";"CAR(A)";"CHE(H)";"NEW(A)";"BOU(H)";"LIV(H)";"FUL(A)";"3";"4";"4";"2";"2";"4";"2";"3";"4";"2"
"426";426;"BHA(A)";"TOT(H)";"ARS(A)";"HUD(H)";"CAR(A)";"CHE(H)";"NEW(A)";"BOU(H)";"LIV(H)";"FUL(A)";"3";"4";"4";"2";"2";"4";"2";"3";"4";"2"
"427";427;"BHA(A)";"TOT(H)";"ARS(A)";"HUD(H)";"CAR(A)";"CHE(H)";"NEW(A)";"BOU(H)";"LIV(H)";"FUL(A)";"3";"4";"4";"2";"2";"4";"2";"3";"4";"2"
"428";428;"BHA(A)";"TOT(H)";"ARS(A)";"HUD(H)";"CAR(A)";"CHE(H)";"NEW(A)";"BOU(H)";"LIV(H)";"FUL(A)";"3";"4";"4";"2";"2";"4";"2";"3";"4";"2"
"429";429;"BHA(A)";"TOT(H)";"ARS(A)";"HUD(H)";"CAR(A)";"CHE(H)";"NEW(A)";"BOU(H)";"LIV(H)";"FUL(A)";"3";"4";"4";"2";"2";"4";"2";"3";"4";"2"
"430";430;"BHA(A)";"TOT(H)";"ARS(A)";"HUD(H)";"CAR(A)";"CHE(H)";"NEW(A)";"BOU(H)";"LIV(H)";"FUL(A)";"3";"4";"4";"2";"2";"4";"2";"3";"4";"2"
"431";431;"BHA(A)";"TOT(H)";"ARS(A)";"HUD(H)";"CAR(A)";"CHE(H)";"NEW(A)";"BOU(H)";"LIV(H)";"FUL(A)";"3";"4";"4";"2";"2";"4";"2";"3";"4";"2"
"432";432;"BHA(A)";"TOT(H)";"ARS(A)";"HUD(H)";"CAR(A)";"CHE(H)";"NEW(A)";"BOU(H)";"LIV(H)";"FUL(A)";"3";"4";"4";"2";"2";"4";"2";"3";"4";"2"
"433";433;"BHA(A)";"TOT(H)";"ARS(A)";"HUD(H)";"CAR(A)";"CHE(H)";"NEW(A)";"BOU(H)";"LIV(H)";"FUL(A)";"3";"4";"4";"2";"2";"4";"2";"3";"4";"2"
"434";434;"BHA(A)";"TOT(H)";"ARS(A)";"HUD(H)";"CAR(A)";"CHE(H)";"NEW(A)";"BOU(H)";"LIV(H)";"FUL(A)";"3";"4";"4";"2";"2";"4";"2";"3";"4";"2"
"435";435;"BHA(A)";"TOT(H)";"ARS(A)";"HUD(H)";"CAR(A)";"CHE(H)";"NEW(A)";"BOU(H)";"LIV(H)";"FUL(A)";"3";"4";"4";"2";"2";"4";"2";"3";"4";"2"
"436";436;"BHA(A)";"TOT(H)";"ARS(A)";"HUD(H)";"CAR(A)";"CHE(H)";"NEW(A)";"BOU(H)";"LIV(H)";"FUL(A)";"3";"4";"4";"2";"2";"4";"2";"3";"4";"2"
"437";437;"BHA(A)";"TOT(H)";"ARS(A)";"HUD(H)";"CAR(A)";"CHE(H)";"NEW(A)";"BOU(H)";"LIV(H)";"FUL(A)";"3";"4";"4";"2";"2";"4";"2";"3";"4";"2"
"438";438;"BHA(A)";"TOT(H)";"ARS(A)";"HUD(H)";"CAR(A)";"CHE(H)";"NEW(A)";"BOU(H)";"LIV(H)";"FUL(A)";"3";"4";"4";"2";"2";"4";"2";"3";"4";"2"
"439";439;"WOL(H)";"EVE(A)";"CAR(A)";"LEI(H)";"HUD(A)";"CRY(H)";"BUR(A)";"CHE(H)";"BOU(A)";"ARS(H)";"3";"3";"2";"3";"2";"2";"2";"4";"3";"4"
"440";440;"WOL(H)";"EVE(A)";"CAR(A)";"LEI(H)";"HUD(A)";"CRY(H)";"BUR(A)";"CHE(H)";"BOU(A)";"ARS(H)";"3";"3";"2";"3";"2";"2";"2";"4";"3";"4"
"441";441;"ARS(H)";"CHE(A)";"TOT(H)";"MUN(A)";"BUR(H)";"BHA(A)";"WHU(A)";"LEI(H)";"MCI(A)";"CAR(H)";"4";"4";"4";"4";"2";"3";"3";"3";"5";"2"
"442";442;"ARS(H)";"CHE(A)";"TOT(H)";"MUN(A)";"BUR(H)";"BHA(A)";"WHU(A)";"LEI(H)";"MCI(A)";"CAR(H)";"4";"4";"4";"4";"2";"3";"3";"3";"5";"2"
"443";443;"ARS(H)";"CHE(A)";"TOT(H)";"MUN(A)";"BUR(H)";"BHA(A)";"WHU(A)";"LEI(H)";"MCI(A)";"CAR(H)";"4";"4";"4";"4";"2";"3";"3";"3";"5";"2"
"444";444;"ARS(H)";"CHE(A)";"TOT(H)";"MUN(A)";"BUR(H)";"BHA(A)";"WHU(A)";"LEI(H)";"MCI(A)";"CAR(H)";"4";"4";"4";"4";"2";"3";"3";"3";"5";"2"
"445";445;"HUD(H)";"NEW(A)";"SOU(A)";"LIV(H)";"LEI(A)";"MCI(H)";"EVE(A)";"CAR(H)";"WHU(A)";"CHE(H)";"2";"2";"2";"4";"3";"5";"3";"2";"3";"4"
"446";446;"HUD(H)";"NEW(A)";"SOU(A)";"LIV(H)";"LEI(A)";"MCI(H)";"EVE(A)";"CAR(H)";"WHU(A)";"CHE(H)";"2";"2";"2";"4";"3";"5";"3";"2";"3";"4"
"447";447;"LEI(A)";"BUR(H)";"HUD(A)";"MCI(H)";"NEW(A)";"CAR(H)";"CRY(H)";"FUL(A)";"WAT(H)";"SOU(A)";"3";"2";"2";"5";"2";"2";"2";"2";"3";"2"
"448";448;"BHA(A)";"TOT(H)";"ARS(A)";"HUD(H)";"CAR(A)";"CHE(H)";"NEW(A)";"BOU(H)";"LIV(H)";"FUL(A)";"3";"4";"4";"2";"2";"4";"2";"3";"4";"2"
"449";449;"BHA(A)";"TOT(H)";"ARS(A)";"HUD(H)";"CAR(A)";"CHE(H)";"NEW(A)";"BOU(H)";"LIV(H)";"FUL(A)";"3";"4";"4";"2";"2";"4";"2";"3";"4";"2"
"450";450;"CRY(A)";"LIV(H)";"WOL(H)";"BOU(A)";"TOT(H)";"MUN(A)";"HUD(H)";"SOU(A)";"BUR(H)";"BHA(A)";"2";"4";"3";"3";"4";"4";"2";"2";"2";"3"
"451";451;"CRY(A)";"LIV(H)";"WOL(H)";"BOU(A)";"TOT(H)";"MUN(A)";"HUD(H)";"SOU(A)";"BUR(H)";"BHA(A)";"2";"4";"3";"3";"4";"4";"2";"2";"2";"3"
"452";452;"NEW(H)";"MCI(A)";"WAT(H)";"FUL(A)";"MUN(H)";"TOT(A)";"CAR(A)";"ARS(H)";"HUD(A)";"WHU(H)";"2";"5";"3";"2";"4";"4";"2";"4";"2";"2"
"453";453;"LEI(A)";"BUR(H)";"HUD(A)";"MCI(H)";"NEW(A)";"CAR(H)";"CRY(H)";"FUL(A)";"WAT(H)";"SOU(A)";"3";"2";"2";"5";"2";"2";"2";"2";"3";"2"
"454";454;"BHA(A)";"TOT(H)";"ARS(A)";"HUD(H)";"CAR(A)";"CHE(H)";"NEW(A)";"BOU(H)";"LIV(H)";"FUL(A)";"3";"4";"4";"2";"2";"4";"2";"3";"4";"2"
"455";455;"BOU(H)";"HUD(A)";"LIV(A)";"SOU(H)";"CHE(A)";"LEI(H)";"MUN(A)";"WHU(H)";"NEW(A)";"WOL(H)";"3";"2";"5";"2";"4";"3";"4";"2";"2";"3"
"456";456;"BOU(H)";"HUD(A)";"LIV(A)";"SOU(H)";"CHE(A)";"LEI(H)";"MUN(A)";"WHU(H)";"NEW(A)";"WOL(H)";"3";"2";"5";"2";"4";"3";"4";"2";"2";"3"
"457";457;"WHU(H)";"CAR(A)";"BUR(H)";"BHA(A)";"WAT(H)";"FUL(A)";"TOT(H)";"CRY(A)";"CHE(A)";"MCI(H)";"2";"2";"2";"3";"3";"2";"4";"2";"4";"5"
"458";458;"SOU(A)";"WAT(H)";"BOU(H)";"BUR(A)";"WHU(H)";"EVE(A)";"WOL(H)";"HUD(A)";"FUL(H)";"LIV(A)";"2";"3";"3";"2";"2";"3";"3";"2";"2";"5"
"459";459;"BUR(A)";"CRY(H)";"EVE(H)";"TOT(A)";"FUL(H)";"WOL(A)";"MCI(H)";"BHA(A)";"LEI(H)";"WAT(A)";"2";"2";"3";"4";"2";"3";"5";"3";"3";"3"
"460";460;"BOU(H)";"HUD(A)";"LIV(A)";"SOU(H)";"CHE(A)";"LEI(H)";"MUN(A)";"WHU(H)";"NEW(A)";"WOL(H)";"3";"2";"5";"2";"4";"3";"4";"2";"2";"3"
"461";461;"WAT(A)";"FUL(H)";"WHU(H)";"WOL(A)";"BHA(H)";"BOU(A)";"ARS(A)";"NEW(H)";"SOU(H)";"MUN(A)";"3";"2";"2";"3";"2";"3";"4";"2";"2";"4"
"462";462;"CAR(H)";"ARS(A)";"FUL(H)";"WAT(A)";"EVE(H)";"BUR(A)";"BOU(A)";"MUN(H)";"WOL(A)";"NEW(H)";"2";"4";"2";"3";"3";"2";"3";"4";"3";"2"
"463";463;"NEW(H)";"MCI(A)";"WAT(H)";"FUL(A)";"MUN(H)";"TOT(A)";"CAR(A)";"ARS(H)";"HUD(A)";"WHU(H)";"2";"5";"3";"2";"4";"4";"2";"4";"2";"2"
"464";464;"LEI(A)";"BUR(H)";"HUD(A)";"MCI(H)";"NEW(A)";"CAR(H)";"CRY(H)";"FUL(A)";"WAT(H)";"SOU(A)";"3";"2";"2";"5";"2";"2";"2";"2";"3";"2"
"465";465;"LEI(A)";"BUR(H)";"HUD(A)";"MCI(H)";"NEW(A)";"CAR(H)";"CRY(H)";"FUL(A)";"WAT(H)";"SOU(A)";"3";"2";"2";"5";"2";"2";"2";"2";"3";"2"
"466";466;"WOL(H)";"EVE(A)";"CAR(A)";"LEI(H)";"HUD(A)";"CRY(H)";"BUR(A)";"CHE(H)";"BOU(A)";"ARS(H)";"3";"3";"2";"3";"2";"2";"2";"4";"3";"4"
"467";467;"LIV(A)";"LEI(H)";"BHA(H)";"EVE(A)";"WOL(H)";"WHU(A)";"SOU(H)";"WAT(A)";"MUN(H)";"CRY(A)";"5";"3";"2";"3";"3";"3";"2";"3";"4";"2"
"468";468;"CAR(H)";"ARS(A)";"FUL(H)";"WAT(A)";"EVE(H)";"BUR(A)";"BOU(A)";"MUN(H)";"WOL(A)";"NEW(H)";"2";"4";"2";"3";"3";"2";"3";"4";"3";"2"
"469";469;"MUN(A)";"BHA(H)";"CHE(A)";"CAR(H)";"LIV(A)";"NEW(H)";"WAT(H)";"MCI(A)";"TOT(H)";"BUR(A)";"4";"2";"4";"2";"5";"2";"3";"5";"4";"2"
"470";470;"MUN(A)";"BHA(H)";"CHE(A)";"CAR(H)";"LIV(A)";"NEW(H)";"WAT(H)";"MCI(A)";"TOT(H)";"BUR(A)";"4";"2";"4";"2";"5";"2";"3";"5";"4";"2"
"471";471;"WAT(A)";"FUL(H)";"WHU(H)";"WOL(A)";"BHA(H)";"BOU(A)";"ARS(A)";"NEW(H)";"SOU(H)";"MUN(A)";"3";"2";"2";"3";"2";"3";"4";"2";"2";"4"
"472";472;"CAR(H)";"ARS(A)";"FUL(H)";"WAT(A)";"EVE(H)";"BUR(A)";"BOU(A)";"MUN(H)";"WOL(A)";"NEW(H)";"2";"4";"2";"3";"3";"2";"3";"4";"3";"2"
"473";473;"FUL(A)";"MUN(H)";"NEW(A)";"ARS(H)";"MCI(A)";"HUD(H)";"LIV(H)";"WOL(A)";"BHA(H)";"TOT(A)";"2";"4";"2";"4";"5";"2";"4";"3";"2";"4"
"474";474;"BOU(H)";"HUD(A)";"LIV(A)";"SOU(H)";"CHE(A)";"LEI(H)";"MUN(A)";"WHU(H)";"NEW(A)";"WOL(H)";"3";"2";"5";"2";"4";"3";"4";"2";"2";"3"
"475";475;"BHA(A)";"TOT(H)";"ARS(A)";"HUD(H)";"CAR(A)";"CHE(H)";"NEW(A)";"BOU(H)";"LIV(H)";"FUL(A)";"3";"4";"4";"2";"2";"4";"2";"3";"4";"2"
"476";476;"WOL(H)";"EVE(A)";"CAR(A)";"LEI(H)";"HUD(A)";"CRY(H)";"BUR(A)";"CHE(H)";"BOU(A)";"ARS(H)";"3";"3";"2";"3";"2";"2";"2";"4";"3";"4"
"477";477;"ARS(H)";"CHE(A)";"TOT(H)";"MUN(A)";"BUR(H)";"BHA(A)";"WHU(A)";"LEI(H)";"MCI(A)";"CAR(H)";"4";"4";"4";"4";"2";"3";"3";"3";"5";"2"
"478";478;"BOU(H)";"HUD(A)";"LIV(A)";"SOU(H)";"CHE(A)";"LEI(H)";"MUN(A)";"WHU(H)";"NEW(A)";"WOL(H)";"3";"2";"5";"2";"4";"3";"4";"2";"2";"3"
"479";479;"NEW(H)";"MCI(A)";"WAT(H)";"FUL(A)";"MUN(H)";"TOT(A)";"CAR(A)";"ARS(H)";"HUD(A)";"WHU(H)";"2";"5";"3";"2";"4";"4";"2";"4";"2";"2"
"480";480;"BOU(H)";"HUD(A)";"LIV(A)";"SOU(H)";"CHE(A)";"LEI(H)";"MUN(A)";"WHU(H)";"NEW(A)";"WOL(H)";"3";"2";"5";"2";"4";"3";"4";"2";"2";"3"
"481";481;"EVE(H)";"BOU(A)";"MCI(A)";"CRY(H)";"SOU(A)";"ARS(H)";"FUL(H)";"LIV(A)";"CAR(A)";"HUD(H)";"3";"3";"5";"2";"2";"4";"2";"5";"2";"2"
"482";482;"SOU(A)";"WAT(H)";"BOU(H)";"BUR(A)";"WHU(H)";"EVE(A)";"WOL(H)";"HUD(A)";"FUL(H)";"LIV(A)";"2";"3";"3";"2";"2";"3";"3";"2";"2";"5"
"483";483;"BHA(A)";"TOT(H)";"ARS(A)";"HUD(H)";"CAR(A)";"CHE(H)";"NEW(A)";"BOU(H)";"LIV(H)";"FUL(A)";"3";"4";"4";"2";"2";"4";"2";"3";"4";"2"
"484";484;"MUN(A)";"BHA(H)";"CHE(A)";"CAR(H)";"LIV(A)";"NEW(H)";"WAT(H)";"MCI(A)";"TOT(H)";"BUR(A)";"4";"2";"4";"2";"5";"2";"3";"5";"4";"2"
"485";485;"CHE(H)";"WHU(A)";"LEI(A)";"NEW(H)";"CRY(A)";"LIV(H)";"BHA(H)";"TOT(A)";"ARS(A)";"EVE(H)";"4";"3";"3";"2";"2";"4";"2";"4";"4";"3"
"486";486;"ARS(H)";"CHE(A)";"TOT(H)";"MUN(A)";"BUR(H)";"BHA(A)";"WHU(A)";"LEI(H)";"MCI(A)";"CAR(H)";"4";"4";"4";"4";"2";"3";"3";"3";"5";"2"
"487";487;"BOU(H)";"HUD(A)";"LIV(A)";"SOU(H)";"CHE(A)";"LEI(H)";"MUN(A)";"WHU(H)";"NEW(A)";"WOL(H)";"3";"2";"5";"2";"4";"3";"4";"2";"2";"3"
"488";488;"SOU(A)";"WAT(H)";"BOU(H)";"BUR(A)";"WHU(H)";"EVE(A)";"WOL(H)";"HUD(A)";"FUL(H)";"LIV(A)";"2";"3";"3";"2";"2";"3";"3";"2";"2";"5"
"489";489;"LEI(A)";"BUR(H)";"HUD(A)";"MCI(H)";"NEW(A)";"CAR(H)";"CRY(H)";"FUL(A)";"WAT(H)";"SOU(A)";"3";"2";"2";"5";"2";"2";"2";"2";"3";"2"
"490";490;"CHE(H)";"WHU(A)";"LEI(A)";"NEW(H)";"CRY(A)";"LIV(H)";"BHA(H)";"TOT(A)";"ARS(A)";"EVE(H)";"4";"3";"3";"2";"2";"4";"2";"4";"4";"3"
"491";491;"CHE(H)";"WHU(A)";"LEI(A)";"NEW(H)";"CRY(A)";"LIV(H)";"BHA(H)";"TOT(A)";"ARS(A)";"EVE(H)";"4";"3";"3";"2";"2";"4";"2";"4";"4";"3"
"492";492;"WHU(H)";"CAR(A)";"BUR(H)";"BHA(A)";"WAT(H)";"FUL(A)";"TOT(H)";"CRY(A)";"CHE(A)";"MCI(H)";"2";"2";"2";"3";"3";"2";"4";"2";"4";"5"
"493";493;"SOU(A)";"WAT(H)";"BOU(H)";"BUR(A)";"WHU(H)";"EVE(A)";"WOL(H)";"HUD(A)";"FUL(H)";"LIV(A)";"2";"3";"3";"2";"2";"3";"3";"2";"2";"5"
"494";494;"FUL(A)";"MUN(H)";"NEW(A)";"ARS(H)";"MCI(A)";"HUD(H)";"LIV(H)";"WOL(A)";"BHA(H)";"TOT(A)";"2";"4";"2";"4";"5";"2";"4";"3";"2";"4"
"495";495;"CHE(H)";"WHU(A)";"LEI(A)";"NEW(H)";"CRY(A)";"LIV(H)";"BHA(H)";"TOT(A)";"ARS(A)";"EVE(H)";"4";"3";"3";"2";"2";"4";"2";"4";"4";"3"
"496";496;"BUR(A)";"CRY(H)";"EVE(H)";"TOT(A)";"FUL(H)";"WOL(A)";"MCI(H)";"BHA(A)";"LEI(H)";"WAT(A)";"2";"2";"3";"4";"2";"3";"5";"3";"3";"3"
"497";497;"MCI(H)";"WOL(A)";"CRY(A)";"CHE(H)";"ARS(A)";"SOU(H)";"LEI(A)";"BUR(H)";"EVE(A)";"BOU(H)";"5";"3";"2";"4";"4";"2";"3";"2";"3";"3"
"498";498;"BUR(A)";"CRY(H)";"EVE(H)";"TOT(A)";"FUL(H)";"WOL(A)";"MCI(H)";"BHA(A)";"LEI(H)";"WAT(A)";"2";"2";"3";"4";"2";"3";"5";"3";"3";"3"
"499";499;"BUR(A)";"CRY(H)";"EVE(H)";"TOT(A)";"FUL(H)";"WOL(A)";"MCI(H)";"BHA(A)";"LEI(H)";"WAT(A)";"2";"2";"3";"4";"2";"3";"5";"3";"3";"3"
"500";500;"BHA(A)";"TOT(H)";"ARS(A)";"HUD(H)";"CAR(A)";"CHE(H)";"NEW(A)";"BOU(H)";"LIV(H)";"FUL(A)";"3";"4";"4";"2";"2";"4";"2";"3";"4";"2"
"501";501;"WHU(H)";"CAR(A)";"BUR(H)";"BHA(A)";"WAT(H)";"FUL(A)";"TOT(H)";"CRY(A)";"CHE(A)";"MCI(H)";"2";"2";"2";"3";"3";"2";"4";"2";"4";"5"
"502";502;"LEI(A)";"BUR(H)";"HUD(A)";"MCI(H)";"NEW(A)";"CAR(H)";"CRY(H)";"FUL(A)";"WAT(H)";"SOU(A)";"3";"2";"2";"5";"2";"2";"2";"2";"3";"2"
"503";503;"WOL(H)";"EVE(A)";"CAR(A)";"LEI(H)";"HUD(A)";"CRY(H)";"BUR(A)";"CHE(H)";"BOU(A)";"ARS(H)";"3";"3";"2";"3";"2";"2";"2";"4";"3";"4"
"504";504;"LIV(A)";"LEI(H)";"BHA(H)";"EVE(A)";"WOL(H)";"WHU(A)";"SOU(H)";"WAT(A)";"MUN(H)";"CRY(A)";"5";"3";"2";"3";"3";"3";"2";"3";"4";"2"
"505";505;"ARS(H)";"CHE(A)";"TOT(H)";"MUN(A)";"BUR(H)";"BHA(A)";"WHU(A)";"LEI(H)";"MCI(A)";"CAR(H)";"4";"4";"4";"4";"2";"3";"3";"3";"5";"2"
"506";506;"MUN(A)";"BHA(H)";"CHE(A)";"CAR(H)";"LIV(A)";"NEW(H)";"WAT(H)";"MCI(A)";"TOT(H)";"BUR(A)";"4";"2";"4";"2";"5";"2";"3";"5";"4";"2"
"507";507;"MUN(A)";"BHA(H)";"CHE(A)";"CAR(H)";"LIV(A)";"NEW(H)";"WAT(H)";"MCI(A)";"TOT(H)";"BUR(A)";"4";"2";"4";"2";"5";"2";"3";"5";"4";"2"
"508";508;"MUN(A)";"BHA(H)";"CHE(A)";"CAR(H)";"LIV(A)";"NEW(H)";"WAT(H)";"MCI(A)";"TOT(H)";"BUR(A)";"4";"2";"4";"2";"5";"2";"3";"5";"4";"2"
"509";509;"BOU(H)";"HUD(A)";"LIV(A)";"SOU(H)";"CHE(A)";"LEI(H)";"MUN(A)";"WHU(H)";"NEW(A)";"WOL(H)";"3";"2";"5";"2";"4";"3";"4";"2";"2";"3"
"510";510;"BOU(H)";"HUD(A)";"LIV(A)";"SOU(H)";"CHE(A)";"LEI(H)";"MUN(A)";"WHU(H)";"NEW(A)";"WOL(H)";"3";"2";"5";"2";"4";"3";"4";"2";"2";"3"
"511";511;"BOU(H)";"HUD(A)";"LIV(A)";"SOU(H)";"CHE(A)";"LEI(H)";"MUN(A)";"WHU(H)";"NEW(A)";"WOL(H)";"3";"2";"5";"2";"4";"3";"4";"2";"2";"3"
"512";512;"BOU(H)";"HUD(A)";"LIV(A)";"SOU(H)";"CHE(A)";"LEI(H)";"MUN(A)";"WHU(H)";"NEW(A)";"WOL(H)";"3";"2";"5";"2";"4";"3";"4";"2";"2";"3"
"513";513;"BOU(H)";"HUD(A)";"LIV(A)";"SOU(H)";"CHE(A)";"LEI(H)";"MUN(A)";"WHU(H)";"NEW(A)";"WOL(H)";"3";"2";"5";"2";"4";"3";"4";"2";"2";"3"
"514";514;"WAT(A)";"FUL(H)";"WHU(H)";"WOL(A)";"BHA(H)";"BOU(A)";"ARS(A)";"NEW(H)";"SOU(H)";"MUN(A)";"3";"2";"2";"3";"2";"3";"4";"2";"2";"4"
"515";515;"WHU(H)";"CAR(A)";"BUR(H)";"BHA(A)";"WAT(H)";"FUL(A)";"TOT(H)";"CRY(A)";"CHE(A)";"MCI(H)";"2";"2";"2";"3";"3";"2";"4";"2";"4";"5"
"516";516;"SOU(A)";"WAT(H)";"BOU(H)";"BUR(A)";"WHU(H)";"EVE(A)";"WOL(H)";"HUD(A)";"FUL(H)";"LIV(A)";"2";"3";"3";"2";"2";"3";"3";"2";"2";"5"
"517";517;"HUD(H)";"NEW(A)";"SOU(A)";"LIV(H)";"LEI(A)";"MCI(H)";"EVE(A)";"CAR(H)";"WHU(A)";"CHE(H)";"2";"2";"2";"4";"3";"5";"3";"2";"3";"4"
"518";518;"LEI(A)";"BUR(H)";"HUD(A)";"MCI(H)";"NEW(A)";"CAR(H)";"CRY(H)";"FUL(A)";"WAT(H)";"SOU(A)";"3";"2";"2";"5";"2";"2";"2";"2";"3";"2"
"519";519;"BHA(A)";"TOT(H)";"ARS(A)";"HUD(H)";"CAR(A)";"CHE(H)";"NEW(A)";"BOU(H)";"LIV(H)";"FUL(A)";"3";"4";"4";"2";"2";"4";"2";"3";"4";"2"
"520";520;"EVE(H)";"BOU(A)";"MCI(A)";"CRY(H)";"SOU(A)";"ARS(H)";"FUL(H)";"LIV(A)";"CAR(A)";"HUD(H)";"3";"3";"5";"2";"2";"4";"2";"5";"2";"2"
"521";521;"BOU(H)";"HUD(A)";"LIV(A)";"SOU(H)";"CHE(A)";"LEI(H)";"MUN(A)";"WHU(H)";"NEW(A)";"WOL(H)";"3";"2";"5";"2";"4";"3";"4";"2";"2";"3"
"522";522;"WAT(A)";"FUL(H)";"WHU(H)";"WOL(A)";"BHA(H)";"BOU(A)";"ARS(A)";"NEW(H)";"SOU(H)";"MUN(A)";"3";"2";"2";"3";"2";"3";"4";"2";"2";"4"
"523";523;"MCI(H)";"WOL(A)";"CRY(A)";"CHE(H)";"ARS(A)";"SOU(H)";"LEI(A)";"BUR(H)";"EVE(A)";"BOU(H)";"5";"3";"2";"4";"4";"2";"3";"2";"3";"3"
"524";524;"HUD(H)";"NEW(A)";"SOU(A)";"LIV(H)";"LEI(A)";"MCI(H)";"EVE(A)";"CAR(H)";"WHU(A)";"CHE(H)";"2";"2";"2";"4";"3";"5";"3";"2";"3";"4"
"525";525;"BHA(A)";"TOT(H)";"ARS(A)";"HUD(H)";"CAR(A)";"CHE(H)";"NEW(A)";"BOU(H)";"LIV(H)";"FUL(A)";"3";"4";"4";"2";"2";"4";"2";"3";"4";"2"
"526";526;"MUN(A)";"BHA(H)";"CHE(A)";"CAR(H)";"LIV(A)";"NEW(H)";"WAT(H)";"MCI(A)";"TOT(H)";"BUR(A)";"4";"2";"4";"2";"5";"2";"3";"5";"4";"2"
"527";527;"WHU(H)";"CAR(A)";"BUR(H)";"BHA(A)";"WAT(H)";"FUL(A)";"TOT(H)";"CRY(A)";"CHE(A)";"MCI(H)";"2";"2";"2";"3";"3";"2";"4";"2";"4";"5"
"528";528;"MUN(A)";"BHA(H)";"CHE(A)";"CAR(H)";"LIV(A)";"NEW(H)";"WAT(H)";"MCI(A)";"TOT(H)";"BUR(A)";"4";"2";"4";"2";"5";"2";"3";"5";"4";"2"
"529";529;"TOT(A)";"SOU(H)";"MUN(H)";"WHU(A)";"BOU(H)";"WAT(A)";"CHE(A)";"EVE(H)";"CRY(H)";"LEI(A)";"4";"2";"4";"3";"3";"3";"4";"3";"2";"3"
"530";530;"SOU(A)";"WAT(H)";"BOU(H)";"BUR(A)";"WHU(H)";"EVE(A)";"WOL(H)";"HUD(A)";"FUL(H)";"LIV(A)";"2";"3";"3";"2";"2";"3";"3";"2";"2";"5"
"531";531;"SOU(A)";"WAT(H)";"BOU(H)";"BUR(A)";"WHU(H)";"EVE(A)";"WOL(H)";"HUD(A)";"FUL(H)";"LIV(A)";"2";"3";"3";"2";"2";"3";"3";"2";"2";"5"
"532";532;"MUN(A)";"BHA(H)";"CHE(A)";"CAR(H)";"LIV(A)";"NEW(H)";"WAT(H)";"MCI(A)";"TOT(H)";"BUR(A)";"4";"2";"4";"2";"5";"2";"3";"5";"4";"2"
"533";533;"WAT(A)";"FUL(H)";"WHU(H)";"WOL(A)";"BHA(H)";"BOU(A)";"ARS(A)";"NEW(H)";"SOU(H)";"MUN(A)";"3";"2";"2";"3";"2";"3";"4";"2";"2";"4"
"534";534;"CHE(H)";"WHU(A)";"LEI(A)";"NEW(H)";"CRY(A)";"LIV(H)";"BHA(H)";"TOT(A)";"ARS(A)";"EVE(H)";"4";"3";"3";"2";"2";"4";"2";"4";"4";"3"
"535";535;"LIV(A)";"LEI(H)";"BHA(H)";"EVE(A)";"WOL(H)";"WHU(A)";"SOU(H)";"WAT(A)";"MUN(H)";"CRY(A)";"5";"3";"2";"3";"3";"3";"2";"3";"4";"2"
"536";536;"MCI(H)";"WOL(A)";"CRY(A)";"CHE(H)";"ARS(A)";"SOU(H)";"LEI(A)";"BUR(H)";"EVE(A)";"BOU(H)";"5";"3";"2";"4";"4";"2";"3";"2";"3";"3"
"537";537;"LIV(A)";"LEI(H)";"BHA(H)";"EVE(A)";"WOL(H)";"WHU(A)";"SOU(H)";"WAT(A)";"MUN(H)";"CRY(A)";"5";"3";"2";"3";"3";"3";"2";"3";"4";"2"
"538";538;"MCI(H)";"WOL(A)";"CRY(A)";"CHE(H)";"ARS(A)";"SOU(H)";"LEI(A)";"BUR(H)";"EVE(A)";"BOU(H)";"5";"3";"2";"4";"4";"2";"3";"2";"3";"3"
"539";539;"LEI(A)";"BUR(H)";"HUD(A)";"MCI(H)";"NEW(A)";"CAR(H)";"CRY(H)";"FUL(A)";"WAT(H)";"SOU(A)";"3";"2";"2";"5";"2";"2";"2";"2";"3";"2"
"540";540;"MCI(H)";"WOL(A)";"CRY(A)";"CHE(H)";"ARS(A)";"SOU(H)";"LEI(A)";"BUR(H)";"EVE(A)";"BOU(H)";"5";"3";"2";"4";"4";"2";"3";"2";"3";"3"
"541";541;"BOU(H)";"HUD(A)";"LIV(A)";"SOU(H)";"CHE(A)";"LEI(H)";"MUN(A)";"WHU(H)";"NEW(A)";"WOL(H)";"3";"2";"5";"2";"4";"3";"4";"2";"2";"3"
"542";542;"CRY(A)";"LIV(H)";"WOL(H)";"BOU(A)";"TOT(H)";"MUN(A)";"HUD(H)";"SOU(A)";"BUR(H)";"BHA(A)";"2";"4";"3";"3";"4";"4";"2";"2";"2";"3"
"543";543;"CAR(H)";"ARS(A)";"FUL(H)";"WAT(A)";"EVE(H)";"BUR(A)";"BOU(A)";"MUN(H)";"WOL(A)";"NEW(H)";"2";"4";"2";"3";"3";"2";"3";"4";"3";"2"
"544";544;"HUD(H)";"NEW(A)";"SOU(A)";"LIV(H)";"LEI(A)";"MCI(H)";"EVE(A)";"CAR(H)";"WHU(A)";"CHE(H)";"2";"2";"2";"4";"3";"5";"3";"2";"3";"4"
"545";545;"CRY(A)";"LIV(H)";"WOL(H)";"BOU(A)";"TOT(H)";"MUN(A)";"HUD(H)";"SOU(A)";"BUR(H)";"BHA(A)";"2";"4";"3";"3";"4";"4";"2";"2";"2";"3"
"546";546;"CRY(A)";"LIV(H)";"WOL(H)";"BOU(A)";"TOT(H)";"MUN(A)";"HUD(H)";"SOU(A)";"BUR(H)";"BHA(A)";"2";"4";"3";"3";"4";"4";"2";"2";"2";"3"
